title,part_of_speech,definition,current_etymology,suggested_action
-ապես,,['Forming adverbs. Corresponds to -ly.'],Etymology needs research - no usable data found,check wikitext
-իկ,,['forming diminutives or terms expressing affection.'],Etymology needs research - no usable data found,check wikitext
Ալլահ,proper noun,['Allah.'],Etymology needs research - no usable data found,check wikitext
Ատալիա,proper noun,"['Attalia.', 'Attalia (an ancient city in modern Turkey; modern Antalya).']",Etymology needs research - no usable data found,check wikitext
Բաբաջանյան,proper noun,"['Babajanian, Babajanyan.', 'a surname originating as a patronymic, Babajanian, Babajanyan.']",Etymology needs research - no usable data found,check wikitext
Դանիա,proper noun,"['Denmark.', 'Denmark (a country in Northern Europe).']",Etymology needs research - no usable data found,check wikitext
Լիպարիտ,proper noun,"['A male given name.', 'a male given name, Liparit or Libarid.']",Etymology needs research - no usable data found,check wikitext
Կասպք,proper noun,['Caspiane.'],Etymology needs research - no usable data found,check wikitext
Հերովդես,proper noun,"['biblical character Herod.', '(biblical) Herod.']",Etymology needs research - no usable data found,check wikitext
Մանանդյան,proper noun,"['Manandyan, Manandian.', 'a surname originating as a matronymic, Manandyan, Manandian.']",Etymology needs research - no usable data found,check wikitext
Մեմնոն,proper noun,"['Greek mythology Memnon.', '(Greek mythology) Memnon.']",Etymology needs research - no usable data found,check wikitext
Մսըր,proper noun,"[', Armenia|year=1468|quote=KANK[NE]Tsi CROSS[S] TO the crown [and] TO the crown.', '(dialectal) Egypt (a country in North Africa and Western Asia).', '(obsolete) a male given name.']",Etymology needs research - no usable data found,check wikitext
ՆԱՏՕ,proper noun,['NATO.'],Etymology needs research - no usable data found,check wikitext
Նիկողայոս,proper noun,"['A male given name.', 'a male given name, Nikoghayos or Nigoghayos, equivalent to English Nicholas.']",Etymology needs research - no usable data found,check wikitext
Չուխաջյան,proper noun,"['A surname, from occupations.', 'a surname originating as an occupation.']",Etymology needs research - no usable data found,check wikitext
Չոփուրյան,proper noun,"['A surname, from nicknames.', 'a surname transferred from the nickname.']",Etymology needs research - no usable data found,check wikitext
Պարմենիդես,proper noun,['Parmenides.'],Etymology needs research - no usable data found,check wikitext
Պինդարոս,proper noun,['Pindar.'],Etymology needs research - no usable data found,check wikitext
Պյութագորաս,proper noun,['Pythagoras.'],Etymology needs research - no usable data found,check wikitext
Ջամբազյան,proper noun,"['A surname, from occupations.', 'a surname originating as an occupation.']",Etymology needs research - no usable data found,check wikitext
Սիմոնիդես,proper noun,['Simonides.'],Etymology needs research - no usable data found,check wikitext
Սղերդ,proper noun,"['Siirt.', 'Siirt (a city in Turkey).']",Etymology needs research - no usable data found,check wikitext
Սոկրատես,proper noun,['Socrates.'],Etymology needs research - no usable data found,check wikitext
Քալանթարյան,proper noun,"['A surname, from patronymics.', 'a surname originating as a patronymic.']",Etymology needs research - no usable data found,check wikitext
Քսենոկրատես,proper noun,['Xenocrates.'],Etymology needs research - no usable data found,check wikitext
Օդաբաշյան,proper noun,"['A surname, from occupations.', 'a surname originating as an occupation.']",Etymology needs research - no usable data found,check wikitext
Օտտավա,proper noun,"['Ottawa.', 'Ottawa (a city in Ontario, Canada; the capital city of Canada).']",Etymology needs research - no usable data found,check wikitext
Օրբելյան,proper noun,"['historical Orbelian a member of the Orbelian noble family.', 'a surname.', '(historical) Orbelian (a member of the Orbelian noble family).']",Etymology needs research - no usable data found,check wikitext
աբա,noun,aba coarse fabric woven from goat and camel hair.,Etymology needs research - no usable data found,check wikitext
աբասի,noun,"['historical abbasi (silver coin in Persia).', '(historical) abbasi (silver coin in Persia).', '(historical) abazi (silver coin in Georgia).', '(historical) abbasi (coin worth 20 kopeks in Transcaucasia).']",Etymology needs research - no usable data found,check wikitext
աբլա,noun,"['Erzurum lady, mother, elder sister (used as a respectful term).', '(Erzurum) lady, mother, elder sister (used as a respectful term).']",Etymology needs research - no usable data found,check wikitext
աբսորբել,verb,['to absorb.'],Etymology needs research - no usable data found,check wikitext
ադամանդ,noun,['diamond.'],Etymology needs research - no usable data found,check wikitext
աթթար,noun,"['dealer in herbs, perfumery and other small merchandise.']",Etymology needs research - no usable data found,check wikitext
աժդահա,adj,"['monstrous giant.', 'giant, huge, gigantic, monstrous, gargantuan.', 'Herculean, mighty, strapping, brawny.']",Etymology needs research - no usable data found,check wikitext
ալ,adj,alternative form of email.,Etymology needs research - no usable data found,check wikitext
ալաժահրի,noun,"[', recorded as alaschari.', 'buckthorn, Rhamnus.']",Etymology needs research - no usable data found,check wikitext
ալամ,noun,"['dialectal world; universe.', '(dialectal) world; universe.']",Etymology needs research - no usable data found,check wikitext
ալմաս,noun,alternative form of diamond.,Etymology needs research - no usable data found,check wikitext
ալոճ,noun,"[']} alchemy|refn=<ref></ref>}}.', 'hawthorn berry, haw, fruit of hawthorn.']",Etymology needs research - no usable data found,check wikitext
ալքիմիա,noun,['alchemy.'],Etymology needs research - no usable data found,check wikitext
ախմախ,adj,"['Your mind is a mess, your mind is a mess |refn=<ref></ref>}}.', 'stupid, foolish, unintelligent.']",Etymology needs research - no usable data found,check wikitext
ակռա,noun,"['Western Armenian tooth.', '(Western Armenian) tooth.']",Etymology needs research - no usable data found,check wikitext
աղա,noun,historical landowner.,Etymology needs research - no usable data found,check wikitext
աղատել,verb,"[', derives from onomatopoeic root , , on which see . This is accepted by J̌ahukyan with reservation. Martirosyan remarks that is not explained properly, however it may be the iterative suffix .', '(dialectal) to lament bitterly.']",Etymology needs research - no usable data found,check wikitext
աղեղ,noun,"['bow, longbow.', '(geometry) arc, arch.', '(music) fiddlestick.', 'agate (gem).']",Etymology needs research - no usable data found,check wikitext
աճռել,verb,"['transitive to rub.', '(transitive) to rub.', '(transitive) to soap.']",Etymology needs research - no usable data found,check wikitext
ամեն,intj,"['each, every.', 'all.', '(religion) amen.']",Etymology needs research - no usable data found,check wikitext
այրան,noun,['airan.'],Etymology needs research - no usable data found,check wikitext
աներ,noun,"father-in-law, wife's father.",Etymology needs research - no usable data found,check wikitext
անիսոն,noun,"['anise, plant and seed.', 'anise, Pimpinella anisum (plant and seed).']",Etymology needs research - no usable data found,check wikitext
անսովոր,adj,"['unused, unaccustomed.', 'unusual, strange, odd.']",Etymology needs research - no usable data found,check wikitext
անվերջ,adj,"['never-ending, endless, infinite, perpetual.', 'endlessly, continuously.', 'constantly.']",Etymology needs research - no usable data found,check wikitext
անտիկ,adj,"['antique (of or pertaining to Greek or Roman culture, art, or society).', '(figuratively) antique, classic.']",Etymology needs research - no usable data found,check wikitext
առվույտ,noun,"['alfalfa, lucerne.', 'alfalfa, lucerne, Medicago sativa.']",Etymology needs research - no usable data found,check wikitext
ասլի,adj,"['dialectal, Moks, of plants taken root.', '(dialectal, Moks, of plants) taken root.']",Etymology needs research - no usable data found,check wikitext
արճիճ,noun,"['lead metal.', 'lead (metal).', 'lead bullet.']",Etymology needs research - no usable data found,check wikitext
արտորալ,verb,"['dialectal forms recorded in dialectological notation.', '(intransitive) to hurry, to make haste.']",Etymology needs research - no usable data found,check wikitext
արքատ,noun,"['Ararat superfluous branches cut off from vine and used for kindling.', '(Ararat) superfluous branches cut off from vine and used for kindling.']",Etymology needs research - no usable data found,check wikitext
ափսոս,adj,"['alas!, what a pity!', 'regret.', 'pitiable.']",Etymology needs research - no usable data found,check wikitext
բազազ,noun,"['archaic, dialectal dealer in textile fabrics, draper.', '(archaic, dialectal) dealer in textile fabrics, draper.']",Etymology needs research - no usable data found,check wikitext
բալ,noun,"['sour cherry fruit.', 'sour cherry (fruit).', 'fog.', '(dialectal) white fleck.', 'point, mark, grade, score, magnitude.', 'ball, dance.']",Etymology needs research - no usable data found,check wikitext
բալակլավա,noun,"['balaclava headgear.', 'balaclava (headgear).']",Etymology needs research - no usable data found,check wikitext
բահայի,noun,['Baháʼí / [Non-English or unclear definition removed.].'],Etymology needs research - no usable data found,check wikitext
բաշիբոզուկ,noun,"['historical bashi-bazouk an irregular soldier of the Ottoman army.', '(historical) bashi-bazouk (an irregular soldier of the Ottoman army).', '(by extension) any Turkish or Azeri soldier.', '(by extension) disorderly, undisciplined person; brigand.']",Etymology needs research - no usable data found,check wikitext
բասկետբոլ,noun,['basketball.'],Etymology needs research - no usable data found,check wikitext
բաստուրմա,noun,"['bastirma, pastirma.']",Etymology needs research - no usable data found,check wikitext
բար,noun,"['the fruit of trees.', 'the first fruit of trees.', 'bar (a counter in a pub, restaurant, or café).', 'bar (an establishment where alcohol is served).']",Etymology needs research - no usable data found,check wikitext
բարակ,adj,"['dialectal forms recorded in dialectological notation.', 'thin.', 'narrow.', 'fine, delicate.', 'a kind of hunting dog.']",Etymology needs research - no usable data found,check wikitext
բարիշել,verb,"[""to make one's peace (with), to be reconciled (with)."", 'to come to an agreement (especially around a price).']",Etymology needs research - no usable data found,check wikitext
բարութ,noun,"['dialectal gunpowder.', '(dialectal) gunpowder.']",Etymology needs research - no usable data found,check wikitext
բաց,adj,"['open, not closed.', '(of color) light.', 'open, receptive.', 'Bats (language).']",Etymology needs research - no usable data found,check wikitext
բեսիրաթ,adj,"['lawless, impious.']",Etymology needs research - no usable data found,check wikitext
բիզոն,noun,"['bison, American buffalo.']",Etymology needs research - no usable data found,check wikitext
բիձա,noun,"['dialectal, Ararat, Tbilisi, Karin paternal uncle.', '(dialectal, Ararat, Tbilisi, Erzurum) paternal uncle.', '(Javakheti, colloquial) a form of address to an older man; uncle, sir.']",Etymology needs research - no usable data found,check wikitext
բլբուլ,adj,"['poetic nightingale.', '(poetic) nightingale.', '(figuratively) mealy-mouthed, smooth-tongued person.', '(figuratively) mealy-mouthed, smooth-tongued; eloquent.']",Etymology needs research - no usable data found,check wikitext
բլղուր,noun,['bulgur.'],Etymology needs research - no usable data found,check wikitext
բյորեկ,noun,"['borek, burek.']",Etymology needs research - no usable data found,check wikitext
բոլուկ,noun,"['group of animals or soldiers.', 'group (of animals or soldiers).']",Etymology needs research - no usable data found,check wikitext
բողջոց,noun,"['Tigranakert swelling, tumour, wound.', '(Diyarbakır) swelling, tumour, wound.']",Etymology needs research - no usable data found,check wikitext
բոյ,noun,"['colloquial height, stature of a person.', '(colloquial) height, stature of a person.']",Etymology needs research - no usable data found,check wikitext
բոշ,adj,"['empty, unoccupied, free, vacant.', 'idle, unoccupied, unemployed.', 'useless.', 'loose, untethered.']",Etymology needs research - no usable data found,check wikitext
բուկ,noun,"['dialectal throat.', '(dialectal) throat.', '(dialectal) neck.', '(Kharberd) swallow, draught, gulp.', '(Karabakh) the pipe of the funnel.']",Etymology needs research - no usable data found,check wikitext
բուն,adj,tree trunk.,Etymology needs research - no usable data found,check wikitext
բռինչ,noun,"[', noting the formal similarity with the family of and leaving the origin open.', 'hackberry, the fruit of the nettle tree (Celtis spp.).', '(literary) the fruit of the guelder rose (Viburnum opulus).']",Etymology needs research - no usable data found,check wikitext
բռնչի,noun,"[', based on the misspelling in.', 'nettle tree (Celtis spp.).', '(literary) guelder rose (Viburnum opulus).']",Etymology needs research - no usable data found,check wikitext
բրավո,intj,['bravo.'],Etymology needs research - no usable data found,check wikitext
բրդուճ,noun,"['dialectal a piece of something.', '(dialectal) a piece of something.', '(specifically) a piece of lavash bread, in which cheese, egg, meat, etc., is wrapped.']",Etymology needs research - no usable data found,check wikitext
գամփռ,noun,"['any large and powerful dog, especially the.', 'any large and powerful dog, especially the Caucasian Shepherd Dog.']",Etymology needs research - no usable data found,check wikitext
գարաժ,noun,['garage.'],Etymology needs research - no usable data found,check wikitext
գեղացի,noun,alternative form of peasant.,Etymology needs research - no usable data found,check wikitext
գեպարդ,noun,['cheetah.'],Etymology needs research - no usable data found,check wikitext
գետ,adj,"['river.', '(rare) knowing, having the knowledge.']",Etymology needs research - no usable data found,check wikitext
գերա-,,alternative form of fat.,Etymology needs research - no usable data found,check wikitext
գինի,noun,['wine.'],Etymology needs research - no usable data found,check wikitext
գուլ,adj,"['dialectal dull, not sharp.', '(dialectal) dull, not sharp.', '(dialectal, figuratively) dull, slow-witted.']",Etymology needs research - no usable data found,check wikitext
գունդ,noun,"['spherical object, sphere, ball, orb.', '(geometry) sphere.', '(military) regiment.', '(historical) troop, brigade, battalion (of soldiers).', '(archaic) group, assemblage.']",Etymology needs research - no usable data found,check wikitext
գռուզ,adj,"['frizzy, wiry, kinky (of hair).']",Etymology needs research - no usable data found,check wikitext
գրազ,noun,"['bet, wager.']",Etymology needs research - no usable data found,check wikitext
գրպան,noun,['pocket.'],Etymology needs research - no usable data found,check wikitext
դազգահ,noun,"['workbench.', 'machine tool, machine.']",Etymology needs research - no usable data found,check wikitext
դաղալ,adj,"['dialectal deceitful, fraudulent, dishonest.', '(dialectal) deceitful, fraudulent, dishonest.']",Etymology needs research - no usable data found,check wikitext
դամոն,noun,"['damson, damson plum, tree.', 'damson, damson plum, Prunus insititia (tree).', 'damson, damson plum (fruit).']",Etymology needs research - no usable data found,check wikitext
դայրա,noun,"['ward of a city.', 'dayereh, tambourine.']",Etymology needs research - no usable data found,check wikitext
դասել,verb,"['to rank, to class, to sort.']",Etymology needs research - no usable data found,check wikitext
դավա,noun,camel.,Etymology needs research - no usable data found,check wikitext
դարդլու,adj,"['pained, afflicted.']",Etymology needs research - no usable data found,check wikitext
դին,noun,"['physics dyne (a unit of force in mechanics, a derived unit equal to the force that imparts an acceleration of 1 cm/s² to a mass of 1 g; 1 dyn).', '(physics) dyne (a unit of force in mechanics, a derived unit equal to the force that imparts an acceleration of 1 cm/s² to a mass of 1 g; 1 dyn).']",Etymology needs research - no usable data found,check wikitext
դիրագ,noun,"['column, pillar; any upright post or pole; beam.']",Etymology needs research - no usable data found,check wikitext
դյուժին,noun,['dozen.'],Etymology needs research - no usable data found,check wikitext
դոխ,noun,"['mill hopper a funnel-shaped container, whence the grist is discharged into the mill.', 'mill hopper (a funnel-shaped container, whence the grist is discharged into the mill).', 'dove, pigeon.', 'chick of a dove, pigeon.', 'chick of a hen.', 'kitten.', '(term of endearment) a young child, chick.']",Etymology needs research - no usable data found,check wikitext
դունյա,noun,"['world, universe.', 'the whole world, everyone, everybody.']",Etymology needs research - no usable data found,check wikitext
դունչ,noun,"['snout, muzzle.', '(colloquial) chin.']",Etymology needs research - no usable data found,check wikitext
դուրգար,noun,"['carpenter, joiner.']",Etymology needs research - no usable data found,check wikitext
դուքան,noun,"['dialectal shop.', '(dialectal) shop.', '(colloquial, derogatory) any low-grade or cheap institution.', '(dialectal, Ararat) workshop.']",Etymology needs research - no usable data found,check wikitext
ելքեն,noun,['sail.'],Etymology needs research - no usable data found,check wikitext
եղրևանի,noun,"['[Non-English or unclear definition removed.].', 'lilac (Syringa spp.) (shrub).']",Etymology needs research - no usable data found,check wikitext
ետև,adv,"['back.', 'behind.', 'after.', 'the backside, the rear part.', '(euphemistic) butt.']",Etymology needs research - no usable data found,check wikitext
երգել,verb,"['to sing.', '(slang) to say.']",Etymology needs research - no usable data found,check wikitext
երես,noun,['face.'],Etymology needs research - no usable data found,check wikitext
երնջնակ,noun,"['eryngo, sea holly ( spp.).', 'eryngo, sea holly (Eryngium spp.).']",Etymology needs research - no usable data found,check wikitext
եքյա,adj,"['derogatory, or, expressing surprise large, big.', '(derogatory or expressing surprise) large, big.', 'grown-up, grown.']",Etymology needs research - no usable data found,check wikitext
զայիֆ,adj,"['thin, lean, skinny.']",Etymology needs research - no usable data found,check wikitext
զառ,noun,"['gaming die (for gambling).', '(gaming) die (for gambling).']",Etymology needs research - no usable data found,check wikitext
զերտևա,noun,"['pine marten, animal and its fur.', 'pine marten, Martes martes (animal and its fur).']",Etymology needs research - no usable data found,check wikitext
զնջիլ,noun,['chain.'],Etymology needs research - no usable data found,check wikitext
զով,adj,"['cool, fresh, coldish.', 'cool, coolness.']",Etymology needs research - no usable data found,check wikitext
զուռնա,noun,['zurna.'],Etymology needs research - no usable data found,check wikitext
զրիշկ,noun,"[', recorded as srisk.', 'common barberry, Berberis vulgaris.']",Etymology needs research - no usable data found,check wikitext
էթնիկ,adj,['ethnic.'],Etymology needs research - no usable data found,check wikitext
էհմալ,noun,['negligence.'],Etymology needs research - no usable data found,check wikitext
էսնաֆ,noun,"['historical esnaf a guild or corporation in the Ottoman Empire.', '(historical) esnaf (a guild or corporation in the Ottoman Empire).', '(dialectal) artisan, tradesman.', '(dialectal, cant) homosexual.']",Etymology needs research - no usable data found,check wikitext
էքսպերտ,noun,"['expert.', 'patent examiner, trademark examiner.']",Etymology needs research - no usable data found,check wikitext
էօտ աղաճը,,"['aloeswood, agarwood, agalloch.']",Etymology needs research - no usable data found,check wikitext
էֆենդի,noun,['effendi.'],Etymology needs research - no usable data found,check wikitext
թազա,adj,"['new.', 'fresh.']",Etymology needs research - no usable data found,check wikitext
թաթար,noun,"['Tatar.', '(archaic) Azerbaijani.', '(figuratively) barbarian, vandal.']",Etymology needs research - no usable data found,check wikitext
թաղ,noun,"[', unknown origin, hesitantly considering the Georgian an Armenian borrowing.', 'neighborhood, district, quarter (of a city).', '(dialectal) family plot in a cemetery.', 'burying of vines in winter.', 'buried vine branches.', 'branch.', 'procumbent (trailing) stem of plants like watermelon, melon, cucumber.', 'vault, arch.']",Etymology needs research - no usable data found,check wikitext
թայֆա,noun,"['dialectal, derogatory gang, clique, bunch of people.', '(dialectal, derogatory) gang, clique, bunch of people.']",Etymology needs research - no usable data found,check wikitext
թանջարա,noun,['saucepan.'],Etymology needs research - no usable data found,check wikitext
թառ,noun,"['musical instruments tar Persian musical instrument.', '(music) tar (Persian musical instrument).', 'roosting perch.', '(dialectal, New Julfa) shelf on a wall.']",Etymology needs research - no usable data found,check wikitext
թարխանա,noun,['tarhana.'],Etymology needs research - no usable data found,check wikitext
թաքավիթ,noun,['retirement.'],Etymology needs research - no usable data found,check wikitext
թաքուն,adj,"['secret, hidden, occult.', 'secretly, stealthily, furtively.']",Etymology needs research - no usable data found,check wikitext
թելաթին,noun,"['Istanbul Russia leather.', '(Istanbul) Russia leather.']",Etymology needs research - no usable data found,check wikitext
թերա-,,alternative form of ter.,Etymology needs research - no usable data found,check wikitext
թզբեխ,noun,['prayer beads.'],Etymology needs research - no usable data found,check wikitext
թթվաշ,adj,"['sourish.', ""sheep's sorrel, garden sorrel (Rumex acetosella).""]",Etymology needs research - no usable data found,check wikitext
թոզ,noun,['dust.'],Etymology needs research - no usable data found,check wikitext
թոն,noun,"['rain, precipitation.', 'tuna (fish).']",Etymology needs research - no usable data found,check wikitext
թութխալ,noun,['glue.'],Etymology needs research - no usable data found,check wikitext
թութուն,noun,"['dialectal tobacco.', '(dialectal) tobacco.']",Etymology needs research - no usable data found,check wikitext
թութք,noun,"['symptom haemorrhoids.', '(medicine) haemorrhoids.']",Etymology needs research - no usable data found,check wikitext
թունդ,adj,"strong, powerful.",Etymology needs research - no usable data found,check wikitext
թոփ,noun,"['ball.', 'cannon.']",Etymology needs research - no usable data found,check wikitext
թվալ,verb,"['to seem, appear.']",Etymology needs research - no usable data found,check wikitext
թրաշ,noun,"['shave, shaving.', 'that which needs to be shaved, bristle, stubble.']",Etymology needs research - no usable data found,check wikitext
ժոխ,noun,"[', unknown origin.', '(Khotorjur) a kind of fruit of the genus Ribes, probably gooseberry, Ribes uva-crispa or Ribes orientale; in Turkish called frenk üzümü.', '(Hamshen) raspberry (fruit of Rubus idaeus).']",Etymology needs research - no usable data found,check wikitext
իմտատ,noun,"['help, assistance.']",Etymology needs research - no usable data found,check wikitext
ինատճի,adj,"['stubborn, obstinate.']",Etymology needs research - no usable data found,check wikitext
ինչու,pron,"['interrogative pronoun why.', '(interrogative pronoun) why.']",Etymology needs research - no usable data found,check wikitext
իքեն,adv,"['while, whilst.']",Etymology needs research - no usable data found,check wikitext
լալ,adj,"['to weep, to cry.', 'dumb, mute, not having a power to speak.', '(colloquial) dumb, mute person.', 'a red gemstone.', 'bright red.']",Etymology needs research - no usable data found,check wikitext
լախանա,noun,['cabbage.'],Etymology needs research - no usable data found,check wikitext
լախտ,noun,"['club, mace.', 'whip, scourge.', 'leather belt for beating each other in a game.']",Etymology needs research - no usable data found,check wikitext
լակոտ,noun,"['dialectal forms recorded in dialectological notation.', ""puppy, pup, dog's young."", '(derogatory) child.', '(derogatory) bastard, cad, dog.']",Etymology needs research - no usable data found,check wikitext
լաք,noun,", without etymology.",Etymology needs research - no usable data found,check wikitext
լեկ,noun,"['dialectal thin, smooth skin of sheep, leather.', '(dialectal) thin, smooth skin of sheep, leather.', 'lek (currency of Albania).']",Etymology needs research - no usable data found,check wikitext
լեհեպ,noun,['blanket.'],Etymology needs research - no usable data found,check wikitext
լեշ,noun,"['carrion, carcass.', '(derogatory) human corpse.']",Etymology needs research - no usable data found,check wikitext
լիմոն,noun,"['lemon fruit.', 'lemon (fruit).']",Etymology needs research - no usable data found,check wikitext
լղար,adj,"['lean, gaunt, skinny.']",Etymology needs research - no usable data found,check wikitext
լոխում,noun,['Turkish delight.'],Etymology needs research - no usable data found,check wikitext
լոխումճի,noun,['maker or seller of locoum.'],Etymology needs research - no usable data found,check wikitext
խալ,noun,"['birthmark, mole.']",Etymology needs research - no usable data found,check wikitext
խալի,noun,['carpet.'],Etymology needs research - no usable data found,check wikitext
խամաճիկ,noun,"['marionette, string puppet.', '(politics) dummy, puppet, stooge.']",Etymology needs research - no usable data found,check wikitext
խանդակ,noun,"['moat, ditch.', 'ravine.']",Etymology needs research - no usable data found,check wikitext
խառընճա,noun,['ant.'],Etymology needs research - no usable data found,check wikitext
խավարծիլ,noun,"['rhubarb, gen. et spp.<ref></ref>.', 'rhubarb, Rheum gen. et spp.']",Etymology needs research - no usable data found,check wikitext
խարբիզակ,noun,"['melon the fruit of.', 'melon (the fruit of Cucumis melo).']",Etymology needs research - no usable data found,check wikitext
խարջել,verb,"['transitive to spend money.', '(transitive) to spend (money).']",Etymology needs research - no usable data found,check wikitext
խարտոց,noun,"['file tool.', 'file (tool).']",Etymology needs research - no usable data found,check wikitext
խեժ,noun,"['resin.', 'gum.', 'frankincense, incense.', 'colostrum.', '(Western Armenian) glue.']",Etymology needs research - no usable data found,check wikitext
խեչակ,noun,"['dialectal prop, stay, support for plants.', '(dialectal) prop, stay, support (for plants).']",Etymology needs research - no usable data found,check wikitext
խլեզ,noun,"['<ref></ref><ref></ref><ref></ref>.', 'lizard.', '(dialectal) slug.', '(dialectal, figuratively) worthless person.']",Etymology needs research - no usable data found,check wikitext
խորոզ,noun,"['rooster, cock.', 'cock, hammer (of a firearm).']",Etymology needs research - no usable data found,check wikitext
խռավաթ,adj,"['Van disgruntled, cherishing resentment.', '(Van) disgruntled, cherishing resentment.']",Etymology needs research - no usable data found,check wikitext
ծածկույթ,noun,"['coating; surface; layer.', 'cover; mantle; mask; veil.', '(telecommunications) coverage.']",Etymology needs research - no usable data found,check wikitext
ծիմել,noun,"['<ref></ref><ref></ref><ref></ref><ref></ref>.', 'amaranth (any of the plants in the family Amaranthaceae).']",Etymology needs research - no usable data found,check wikitext
ծխանելիք,noun,['incense.'],Etymology needs research - no usable data found,check wikitext
կակազ,adj,"['of a person stuttering, stammering.', '(of a person) stuttering, stammering.']",Etymology needs research - no usable data found,check wikitext
կակաչ,noun,"['<ref></ref>.', 'poppy, Papaver.', '(figuratively) cockscomb.']",Etymology needs research - no usable data found,check wikitext
կապա,noun,"['a kind of garment worn by men and women: kaftan, frock; cassock.']",Etymology needs research - no usable data found,check wikitext
կարել,noun,"['to sew.', 'Karelian (person).']",Etymology needs research - no usable data found,check wikitext
կարկին,noun,"['compass, pair of compasses.']",Etymology needs research - no usable data found,check wikitext
կարոս,noun,"['parsley, <ref></ref>.', 'parsley, Petroselinum.', 'celery, Apium.']",Etymology needs research - no usable data found,check wikitext
կարպետ,noun,['carpet.'],Etymology needs research - no usable data found,check wikitext
կենճ,adj,"['young.', 'young man, youth.']",Etymology needs research - no usable data found,check wikitext
կենտավրոս,noun,"['Greek mythology centaur.', '(Greek mythology) centaur.']",Etymology needs research - no usable data found,check wikitext
կիմեր,noun,['Cimmerian.'],Etymology needs research - no usable data found,check wikitext
կիւվէրճին,noun,['pigeon.'],Etymology needs research - no usable data found,check wikitext
կլպել,verb,"['to peel (e.g. a fruit, a vegetable), to shell (an egg).', '(colloquial) to fleece (out of money).']",Etymology needs research - no usable data found,check wikitext
կծոխուր,noun,"[', recorded as kutzachur.', 'barberry, Berberis, especially common barberry, Berberis vulgaris (plant and berry).']",Etymology needs research - no usable data found,check wikitext
կղմինդր,noun,"['tile, tiling.']",Etymology needs research - no usable data found,check wikitext
կճուճ,noun,"['earthen pot, used for cooking and storing food.']",Etymology needs research - no usable data found,check wikitext
կշտանալ,verb,"[""intransitive to eat one's fill; to be full after eating."", ""(intransitive) to eat one's fill; to be full (after eating).""]",Etymology needs research - no usable data found,check wikitext
կոթ,noun,"['handle, hilt, grip, haft.', 'plant stem.']",Etymology needs research - no usable data found,check wikitext
կոլեգա,noun,['colleague.'],Etymology needs research - no usable data found,check wikitext
կուզ,adj,"['beech marten.', 'beech marten, Martes foina.', 'hump, hunch.', 'humpbacked, hunchbacked.']",Etymology needs research - no usable data found,check wikitext
կուշտ,adj,"['full, satiated not hungry.', 'full, satiated (not hungry).']",Etymology needs research - no usable data found,check wikitext
կուռ,adj,"['arm.', 'back.', 'pelvis.', 'side.', 'hardened (by hammering).', 'dense, compact.', 'solid, hard, firm.', '(figuratively) resolute, unshakeable.']",Etymology needs research - no usable data found,check wikitext
կուրս,noun,"['course, direction of movement; policy.', 'course (of study, treatment, etc.).', 'academic year in the university.', 'students of the same year collectively.', '(finance, colloquial) exchange rate.']",Etymology needs research - no usable data found,check wikitext
կուց,noun,"['handful, two palms joined.']",Etymology needs research - no usable data found,check wikitext
կպնել,verb,alternative form of to stick.,Etymology needs research - no usable data found,check wikitext
կռահել,verb,"['to conjecture, to infer, to guess.', 'to notice, to remark, to observe.', 'to construe, to interpret, to understand.']",Etymology needs research - no usable data found,check wikitext
կռան,noun,"['faucet, tap.', 'crane (lifting machine).', 'forging hammer, blacksmithing hammer.', '(transferred sense) sledgehammer.']",Etymology needs research - no usable data found,check wikitext
կրիտիկական կետ,,['maths critical point a point where the derivative of a function is zero or undefined.'],Etymology needs research - no usable data found,check wikitext
հազար,noun,"['thousand.', 'lettuce, Lactuca.']",Etymology needs research - no usable data found,check wikitext
հանըմ,noun,"['lady.', 'miss (especially used to refer to a Turkish lady).']",Etymology needs research - no usable data found,check wikitext
հապալաս,noun,['blueberry.'],Etymology needs research - no usable data found,check wikitext
հավ,noun,"['hen, chicken.', '(slang) woman, chick.', '(colloquial, figurative) someone with a short memory.', '(archaic, poetic) progenitor, ancestor.', ""(archaic, poetic) father's grandfather.""]",Etymology needs research - no usable data found,check wikitext
հավես,adj,"['colloquial wish, inclination (to, for); disposition (to); enthusiasm, animation; interest; desire (for); longing (for).', '(colloquial) wish, inclination (to, for); disposition (to); enthusiasm, animation; interest; desire (for); longing (for).', '(colloquial, slang) good, pleasing.']",Etymology needs research - no usable data found,check wikitext
հարամի,noun,"['thief, bandit.']",Etymology needs research - no usable data found,check wikitext
հարել,verb,dialectal to beat severely.,Etymology needs research - no usable data found,check wikitext
հարկավոր,adj,"['needed, necessary.']",Etymology needs research - no usable data found,check wikitext
հարսանիթ,noun,['measles.'],Etymology needs research - no usable data found,check wikitext
հեչ,adv,['not at all; emphasizes a negative.'],Etymology needs research - no usable data found,check wikitext
հիլ,noun,['cardamom.'],Etymology needs research - no usable data found,check wikitext
հիմա,adv,"['now, at present, at this moment in time.', '(colloquial, dialectal) the present.']",Etymology needs research - no usable data found,check wikitext
հինդուստանի,noun,['Hindustani.'],Etymology needs research - no usable data found,check wikitext
հիփ-հոփ,noun,"['hip-hop.', '(music) hip-hop.']",Etymology needs research - no usable data found,check wikitext
հոնք,noun,['eyebrow.'],Etymology needs research - no usable data found,check wikitext
հոտ,noun,"['smell, odor; scent good or bad.', 'smell, odor; scent (good or bad).', 'flock of sheep.', 'flock or herd of other animals.', '(Christianity) flock, parishioners.']",Etymology needs research - no usable data found,check wikitext
հորիզոն,noun,['horizon.'],Etymology needs research - no usable data found,check wikitext
ձայնավոր,noun,"['phonetics, phonology vowel.', '(phonetics, phonology) vowel.']",Etymology needs research - no usable data found,check wikitext
ձկնկուլ,noun,"['cormorant.', 'cormorant, Phalacrocorax.']",Etymology needs research - no usable data found,check wikitext
ձմերուկ,noun,"['watermelon, plant and fruit.', 'watermelon, Citrullus lanatus (plant and fruit).']",Etymology needs research - no usable data found,check wikitext
ղազ,noun,"['goose.', '(figuratively, offensive) chump, loser.']",Etymology needs research - no usable data found,check wikitext
ղալաթ,noun,"['dialectal mistake.', '(dialectal) mistake.']",Etymology needs research - no usable data found,check wikitext
ղասաբ,noun,"['dialectal butcher.', '(dialectal) butcher.', '(dialectal, figuratively) butcher, brutal or indiscriminate killer.']",Etymology needs research - no usable data found,check wikitext
ղարավաշ,noun,['maidservant.'],Etymology needs research - no usable data found,check wikitext
ղզօղլան,noun,"['sissy, hermaphrodite.']",Etymology needs research - no usable data found,check wikitext
ղոզ,noun,"['dialectal, card games trump.', '(dialectal, card games) trump.']",Etymology needs research - no usable data found,check wikitext
ղուսուր,adj,"['faulty, deficient, flawed.', 'fault, defect, flaw.', 'offence.', 'remainder.']",Etymology needs research - no usable data found,check wikitext
ղսմաթ,noun,"['dialectal good luck, good fortune, success.', '(dialectal) good luck, good fortune, success.']",Etymology needs research - no usable data found,check wikitext
ճանդար,noun,"['dialectal, Mush log.', '(dialectal, Mush) log.']",Etymology needs research - no usable data found,check wikitext
ճղել,verb,"['transitive to tear, rend, rip (open).', '(transitive) to tear, rend, rip (open).']",Etymology needs research - no usable data found,check wikitext
ճոկան,noun,"['dated stick, staff.', '(dated) stick, staff.', 'crosier.', ""(dialectal) shepherd's crook."", '(dialectal) polo-stick.']",Etymology needs research - no usable data found,check wikitext
մադիան,noun,"['dialectal mare.', '(dialectal) mare.']",Etymology needs research - no usable data found,check wikitext
մազկապ,noun,"['hair tie, hairband.']",Etymology needs research - no usable data found,check wikitext
մալ,noun,"['dialectal property, possession.', '(dialectal) property, possession.', '(dialectal) cattle, livestock.']",Etymology needs research - no usable data found,check wikitext
մախտ,noun,"dialectal, Hamshen resin of the march tree.",Etymology needs research - no usable data found,check wikitext
մախր,noun,alternative form of March.,Etymology needs research - no usable data found,check wikitext
մասուր,noun,"[', comparing to ; comparing also to , dialectal , , for the sense development comparing , recalling that rosehip is used as haemorrhoids cure in folk medicine and also noting.', 'rose, Rosa, especially dog rose, Rosa canina (the plant and especially its fruit – the rosehip).']",Etymology needs research - no usable data found,check wikitext
մավի,adj,"['dialectal light blue, sky blue.', '(dialectal) light blue, sky blue.']",Etymology needs research - no usable data found,check wikitext
մատ,noun,"['finger; toe.', '(chess) checkmate, mate.', 'hill.', 'slope.']",Etymology needs research - no usable data found,check wikitext
մատուտակ,noun,"['licorice, gen. et spp.', 'licorice, Glycyrrhiza gen. et spp.']",Etymology needs research - no usable data found,check wikitext
մարագ,noun,"['Kurdish:.', 'hayloft.']",Etymology needs research - no usable data found,check wikitext
մարխ,noun,"['dialectal resinous wood that ignites easily.', '(dialectal) resinous wood that ignites easily.']",Etymology needs research - no usable data found,check wikitext
մարշրուտ,noun,"['route, itinerary, path, course.']",Etymology needs research - no usable data found,check wikitext
մարտ,noun,"['battle, fight, action, combat.', 'struggle, fight.', 'March.']",Etymology needs research - no usable data found,check wikitext
մեզ,noun,"['us.', '(formal) urine.']",Etymology needs research - no usable data found,check wikitext
մեխ,noun,['nail.'],Etymology needs research - no usable data found,check wikitext
մեխակ,noun,"['carnation flower.', 'carnation (flower).', 'clove (spice).']",Etymology needs research - no usable data found,check wikitext
մեյմուն,noun,"['monkey.', '(derogatory) clown.', '(derogatory) actor.']",Etymology needs research - no usable data found,check wikitext
մեշին,noun,['a kind of leather used in shoemaking.'],Etymology needs research - no usable data found,check wikitext
մետաղ,noun,['metal.'],Etymology needs research - no usable data found,check wikitext
միասնաբար,adv,"['together; as one, in unison.']",Etymology needs research - no usable data found,check wikitext
մինետ,noun,"['vulgar, colloquial fellatio, blowjob.', '(vulgar, colloquial) fellatio, blowjob.']",Etymology needs research - no usable data found,check wikitext
մկրատ,noun,['scissors.'],Etymology needs research - no usable data found,check wikitext
մոծակ,noun,"['gnat, mosquito.']",Etymology needs research - no usable data found,check wikitext
մոշ,noun,"[', recorded as masch.', 'blackberry, dewberry, bramble, Rubus gen. et spp. (berry and shrub).']",Etymology needs research - no usable data found,check wikitext
մոշի,noun,"['blackberry, dewberry, bramble, gen. et spp. shrub.', 'blackberry, dewberry, bramble, Rubus gen. et spp. (shrub).']",Etymology needs research - no usable data found,check wikitext
մոռ,adj,violet.,Etymology needs research - no usable data found,check wikitext
մորմ,noun,"['nightshade.', 'wolf spider, tarantula, Lycosa.']",Etymology needs research - no usable data found,check wikitext
մուշտակ,noun,"['fur, pelt of an animal.', 'fur, pelt (of an animal).', 'fur coat.']",Etymology needs research - no usable data found,check wikitext
մուշտարի,noun,"['dialectal client, customer, buyer.', '(dialectal) client, customer, buyer.']",Etymology needs research - no usable data found,check wikitext
մուսուլման,noun,"['Muslim.', '(figuratively) cruel, savage person.']",Etymology needs research - no usable data found,check wikitext
մուրաբա,noun,"['jam, murabba.']",Etymology needs research - no usable data found,check wikitext
յաթաղան,noun,['yataghan.'],Etymology needs research - no usable data found,check wikitext
յաղութ,noun,['ruby.'],Etymology needs research - no usable data found,check wikitext
յար,noun,"['dear, lover, beloved.']",Etymology needs research - no usable data found,check wikitext
յարա,noun,['wound.'],Etymology needs research - no usable data found,check wikitext
նազ,noun,"['grace, gracefulness.', 'mincing manners; coquetry.']",Etymology needs research - no usable data found,check wikitext
նալբանդ,noun,"['dialectal farrier.', '(dialectal) farrier.']",Etymology needs research - no usable data found,check wikitext
նախա-,,alternative form of first.,Etymology needs research - no usable data found,check wikitext
նաջար,noun,"['dialectal carpenter.', '(dialectal) carpenter.']",Etymology needs research - no usable data found,check wikitext
նարգիզ,noun,['narcissus.'],Etymology needs research - no usable data found,check wikitext
նարտ,noun,"['Western Armenian backgammon.', '(Western Armenian) backgammon.', '(Western Armenian) backgammon board.']",Etymology needs research - no usable data found,check wikitext
նորահարս,noun,['the bride during the wedding and shortly after that.'],Etymology needs research - no usable data found,check wikitext
նու,noun,the name of the Armenian letter n.,Etymology needs research - no usable data found,check wikitext
շահնշահ,noun,"['historical shahanshah title given to the rulers of ancient Persia and sometimes of Armenia.', '(historical) shahanshah (title given to the rulers of ancient Persia and sometimes of Armenia).']",Etymology needs research - no usable data found,check wikitext
շամամ,noun,"['poetic breast.', 'apple melon (Cucumis melo var. dudaim).', '(poetic) breast.']",Etymology needs research - no usable data found,check wikitext
շամանտուրա,noun,"['Istanbul buoy, barrel swimming in the water fixed to an anchor so ships can be moored to it.', '(Istanbul) buoy, barrel swimming in the water fixed to an anchor so ships can be moored to it.']",Etymology needs research - no usable data found,check wikitext
շանսոնյե,noun,"['chansonnier singer of chansons.', 'chansonnier (singer of chansons).']",Etymology needs research - no usable data found,check wikitext
շատրվան,noun,['fountain.'],Etymology needs research - no usable data found,check wikitext
շեղբ,noun,"['blade of a knife or weapon.', 'blade (of a knife or weapon).', 'a knife-like tool for picking greens and vegetables.']",Etymology needs research - no usable data found,check wikitext
շեյթան,noun,"['Islam shaitan.', '(Islam) shaitan.']",Etymology needs research - no usable data found,check wikitext
շեռ,noun,"['dialectal, colloquial, mildly, vulgar piss, urine.', '(dialectal, colloquial, mildly vulgar) piss, urine.']",Etymology needs research - no usable data found,check wikitext
շիվան,noun,"['dialectal lamentation.', '(dialectal) lamentation.']",Etymology needs research - no usable data found,check wikitext
շլագբաում,noun,"['boom barrier, boom gate.']",Etymology needs research - no usable data found,check wikitext
շռել,verb,"['dialectal, colloquial, mildly, vulgar to piss, pee, take a leak.', '(dialectal, colloquial, mildly vulgar) to piss, pee, take a leak.']",Etymology needs research - no usable data found,check wikitext
շրջարկ,noun,"['rare context.', '(rare) context.']",Etymology needs research - no usable data found,check wikitext
շփոթել,verb,"['to confuse, to mix up, to confound.']",Etymology needs research - no usable data found,check wikitext
ոտնաման,noun,"['footwear, shoe.']",Etymology needs research - no usable data found,check wikitext
որձակ,noun,"['rooster, cock.']",Etymology needs research - no usable data found,check wikitext
ուդ,noun,['oud.'],Etymology needs research - no usable data found,check wikitext
ուդմուրտ,noun,['Udmurt.'],Etymology needs research - no usable data found,check wikitext
ուսանող,noun,['university student.'],Etymology needs research - no usable data found,check wikitext
չագուչ,noun,"['dialectal, colloquial hammer.', '(dialectal, colloquial) hammer.']",Etymology needs research - no usable data found,check wikitext
չախմախ,noun,"['firestriker piece of steel used for striking a spark.', 'firestriker (piece of steel used for striking a spark).']",Etymology needs research - no usable data found,check wikitext
չախու,noun,"['pocketknife, penknife.']",Etymology needs research - no usable data found,check wikitext
չայլախ,noun,"['kite bird.', 'kite (bird).']",Etymology needs research - no usable data found,check wikitext
չատ,noun,"['Internet chat.', '(Internet) chat.']",Etymology needs research - no usable data found,check wikitext
չեյնջ,noun,"['bureau de change, currency exchange place where foreign currency can be exchanged.', 'bureau de change, currency exchange (place where foreign currency can be exchanged).']",Etymology needs research - no usable data found,check wikitext
չէթէլէ,noun,['tally stick.'],Etymology needs research - no usable data found,check wikitext
չիբուխ,noun,"['dialectal chibouk, tobacco pipe.', '(dialectal) chibouk, tobacco pipe.', '(dialectal, dated) switch, cane, stick (slender woody plant stem used as a whip).']",Etymology needs research - no usable data found,check wikitext
չինար,adj,"['<ref name=""Ačaṙean:1902""></ref> , Turkish }}.', 'plane tree (Platanus), especially the oriental plane (Platanus orientalis).', '(figuratively) tall and slender (like a plane tree).']",Etymology needs research - no usable data found,check wikitext
չիրքին,adj,"['ugly, unsightly.']",Etymology needs research - no usable data found,check wikitext
չոբան,noun,"['shepherd.', '(figuratively) redneck, boor; bumpkin.']",Etymology needs research - no usable data found,check wikitext
չուլ,noun,"['type of coarse fabric.', 'horse-covering, saddlecloth.', 'old clothes, rags, tatters.']",Etymology needs research - no usable data found,check wikitext
չոքել,verb,['to kneel.'],Etymology needs research - no usable data found,check wikitext
պալմոմի,noun,['beeswax.'],Etymology needs research - no usable data found,check wikitext
պաշճի,noun,"[""a seller of ready-cooked sheep's heads.""]",Etymology needs research - no usable data found,check wikitext
պապ,noun,"['grandfather.', '(chiefly in the plural) forefather, ancestor.', '(colloquial) father, dad.', ""a form of address for a familiar elderly man, usually following the person's name."", 'pope.']",Etymology needs research - no usable data found,check wikitext
պառկել,verb,"['to lie, lie down.']",Etymology needs research - no usable data found,check wikitext
պարսկական,adj,['Persian.'],Etymology needs research - no usable data found,check wikitext
պեչենի,noun,"['cookie, biscuit.']",Etymology needs research - no usable data found,check wikitext
պլան,noun,"['plan set of intended actions.', 'plan (set of intended actions).', 'aspect, level.', 'marijuana, hash, dope.']",Etymology needs research - no usable data found,check wikitext
պլոկել,verb,"['transitive to strip, peel, skin.', '(transitive) to strip, peel, skin.', '(transitive, figurative) to rip off, swindle.']",Etymology needs research - no usable data found,check wikitext
պող,noun,"['dialectal, Karabakh, Havarik, Karadagh, Shamakhi ember glowing piece of coal or wood<ref></ref><ref></ref><ref></ref><ref></ref><ref></ref>.', '(dialectal, Karabakh, Havarik, Karadagh, Shamakhi) ember (glowing piece of coal or wood).']",Etymology needs research - no usable data found,check wikitext
պոյաճի,noun,"['Nor Nakhichevan, Van dyer.', '(Nor Nakhichevan, Van) dyer.']",Etymology needs research - no usable data found,check wikitext
պտեր,noun,['fern.'],Etymology needs research - no usable data found,check wikitext
պրակրիտ,noun,['Prakrit.'],Etymology needs research - no usable data found,check wikitext
պրինտեր,noun,"['colloquial printer device that prints images and text on paper.', '(colloquial) printer (device that prints images and text on paper).']",Etymology needs research - no usable data found,check wikitext
պրոսպեկտ,noun,"['colloquial avenue.', '(colloquial) avenue.', '(colloquial, capitalized) specifically, the Mashtots Avenue in Yerevan.']",Etymology needs research - no usable data found,check wikitext
ջազ,noun,['jazz.'],Etymology needs research - no usable data found,check wikitext
ջահել,adj,"['informal young.', '(informal) young.', '(informal) inexperienced.', 'young person.', 'inexperienced person.']",Etymology needs research - no usable data found,check wikitext
ջահիլ,adj,dialectal alternative form of young man.,Etymology needs research - no usable data found,check wikitext
ջայլամ,noun,['ostrich.'],Etymology needs research - no usable data found,check wikitext
ջան,intj,"['colloquial body.', '(colloquial) body.', '(colloquial) life, existence.', '(colloquial) spirit, soul.', '(colloquial) vigour, physical might.', '(colloquial, endearing) an affectionate term of address, put after the word that identifies the addressee, dear, darling.', 'exclamation of joy, pleasure.']",Etymology needs research - no usable data found,check wikitext
ջանեջան,intj,a response word to the call Habrban in folk songs or dances.,Etymology needs research - no usable data found,check wikitext
ջեմ,noun,"['jam food.', 'jam (food).']",Etymology needs research - no usable data found,check wikitext
ջենտլմեն,noun,['gentleman.'],Etymology needs research - no usable data found,check wikitext
ջիգյար,noun,"['liver.', 'liver and lungs of a slaughtered animal.', 'heart.', '(figuratively) kin, kinsman.', '(colloquial) a term of endearment; dear, darling.']",Etymology needs research - no usable data found,check wikitext
ջիհադ,noun,"['Islam jihad.', '(Islam) jihad.']",Etymology needs research - no usable data found,check wikitext
ջիպ,noun,"['colloquial jeep, sport utility vehicle, SUV.', '(colloquial) jeep, sport utility vehicle, SUV.']",Etymology needs research - no usable data found,check wikitext
ջհուդ,noun,"['now, offensive, ethnic slur yid, kike.', '(now offensive, ethnic slur) yid, kike.']",Etymology needs research - no usable data found,check wikitext
ջուլհակ,noun,['weaver.'],Etymology needs research - no usable data found,check wikitext
ջունգլի,noun,['jungle.'],Etymology needs research - no usable data found,check wikitext
ջուր,noun,['water.'],Etymology needs research - no usable data found,check wikitext
ջրաղաց,noun,['watermill.'],Etymology needs research - no usable data found,check wikitext
ջրել,verb,"['transitive to water; to irrigate.', '(transitive) to water; to irrigate.', '(transitive) to confute, disprove.', '(transitive) to cancel.']",Etymology needs research - no usable data found,check wikitext
ռակ,noun,"['Armenia and CIS, colloquial crawfish, crayfish.', '(Armenia and CIS, colloquial) crawfish, crayfish.', '(Armenia and CIS, colloquial, pathology) cancer.']",Etymology needs research - no usable data found,check wikitext
ռավենտ,noun,['rhubarb.'],Etymology needs research - no usable data found,check wikitext
ռեհան,noun,"['dialectal forms recorded in dialectological notation<ref></ref>.', 'Ocimum.']",Etymology needs research - no usable data found,check wikitext
սազ,noun,"['musical instruments saz.', '(music) saz.']",Etymology needs research - no usable data found,check wikitext
սալամանդր,noun,['salamander.'],Etymology needs research - no usable data found,check wikitext
սալոր,noun,"['Kurdish:.', 'plum (fruit).']",Etymology needs research - no usable data found,check wikitext
սահաթչի,noun,"['clockmaker, watchmaker.']",Etymology needs research - no usable data found,check wikitext
սաղ,adj,"['dialectal, colloquial alive, living, not dead.', '(dialectal, colloquial) alive, living, not dead.', '(dialectal, colloquial) unscathed, unhurt, harmless.', '(dialectal, colloquial) all; whole, entire.']",Etymology needs research - no usable data found,check wikitext
սաղլամ,adj,"['unscathed, unharmed.', 'whole, complete, without deficit.']",Etymology needs research - no usable data found,check wikitext
սամսար,noun,"['Istanbul beech marten.', '(Istanbul) beech marten.']",Etymology needs research - no usable data found,check wikitext
սենդվիչ,noun,['sandwich.'],Etymology needs research - no usable data found,check wikitext
սեր,noun,"['love.', 'affection, caring.', 'cream.']",Etymology needs research - no usable data found,check wikitext
սերենդեր,noun,"['a square-shaped, roofed, wooden larder, which is built away from the ground on four tree trunks and used to store and dry foodstuffs.']",Etymology needs research - no usable data found,check wikitext
սեֆերբերլիք,noun,"['historical the Seferberlik the mobilization effected by the late Ottoman Empire in 1913–1918.', '(historical) the Seferberlik (the mobilization effected by the late Ottoman Empire in 1913–1918).']",Etymology needs research - no usable data found,check wikitext
սզնի,noun,['hawthorn.'],Etymology needs research - no usable data found,check wikitext
սիվրիսինէկ,noun,['mosquito.'],Etymology needs research - no usable data found,check wikitext
սկյութ,noun,"['Scythian person.', 'Scythian (person).']",Etymology needs research - no usable data found,check wikitext
սմբուլ,adj,"['spikenard (flower).', '(dialectal, Sasun) polished, smooth.']",Etymology needs research - no usable data found,check wikitext
սոլախ,adj,"['dialectal left-handed.', '(dialectal) left-handed.']",Etymology needs research - no usable data found,check wikitext
սպամ,noun,"['Internet spam.', '(Internet) spam.']",Etymology needs research - no usable data found,check wikitext
սպանախ,noun,"['spinach plant.', 'spinach (plant).']",Etymology needs research - no usable data found,check wikitext
սպասել,verb,"['to wait; to expect, await.']",Etymology needs research - no usable data found,check wikitext
ստեպղին,noun,"['chiefly, Western Armenian carrot.', '(chiefly Western Armenian) carrot.']",Etymology needs research - no usable data found,check wikitext
սրբագրել,verb,"['transitive to proofread.', '(transitive) to proofread.']",Etymology needs research - no usable data found,check wikitext
սրել,verb,to sharpen.,Etymology needs research - no usable data found,check wikitext
սրմա,noun,['silver or gold thread or lace.'],Etymology needs research - no usable data found,check wikitext
վայիս,adj,"['of a person mischievous, troublesome.', '(of a person) mischievous, troublesome.']",Etymology needs research - no usable data found,check wikitext
վառեկ,noun,"['pullet, chick.', '(Vozm, slang) bride.']",Etymology needs research - no usable data found,check wikitext
վերա-,,alternative form of above.,Etymology needs research - no usable data found,check wikitext
վերև,adv,"['up, upward.', 'upper part.']",Etymology needs research - no usable data found,check wikitext
վռազել,verb,['to hurry.'],Etymology needs research - no usable data found,check wikitext
տակռի,noun,"['root of plants.', 'root (of plants).']",Etymology needs research - no usable data found,check wikitext
տառեխ,noun,"['tarek, pearl mullet, , especially in a dried and salted form.', 'tarek, pearl mullet, Van fish, Alburnus tarichi (especially in a dried and salted form).']",Etymology needs research - no usable data found,check wikitext
տաքդեղ,noun,"['pepper plant of the family.', 'pepper (plant of the family Piperaceae).', 'pepper (plant of the genus Capsicum).']",Etymology needs research - no usable data found,check wikitext
տեղ,noun,"['place, location, locality, position.', '(dialectal, usually in the plural) sleeping-place, bed.', '(archaic) abundant rain.', '(archaic, figuratively) anything falling abundantly from above, shower.']",Etymology needs research - no usable data found,check wikitext
տողրամաճի,noun,['joiner.'],Etymology needs research - no usable data found,check wikitext
տոստ,noun,"['toast toasted bread.', 'toast (toasted bread).']",Etymology needs research - no usable data found,check wikitext
տորոն,noun,"['<ref></ref>.', 'madder, Rubia tinctorum (plant and dye).']",Etymology needs research - no usable data found,check wikitext
տուկան,noun,['toucan.'],Etymology needs research - no usable data found,check wikitext
տրամվայ,noun,"['tram , streetcar.', 'tram (UK), streetcar (US).']",Etymology needs research - no usable data found,check wikitext
տրանսգենդեր,noun,"['transgender a transgender person.', 'transgender (a transgender person).']",Etymology needs research - no usable data found,check wikitext
տրոլեյբուս,noun,['trolley bus.'],Etymology needs research - no usable data found,check wikitext
տրցակել,verb,"['to bundle, to cluster.', '(rare) to bundle, to cluster.', '(figuratively) to gather, to collect.']",Etymology needs research - no usable data found,check wikitext
ցել,noun,"['agriculture fallow land.', '(agriculture) fallow (land).']",Etymology needs research - no usable data found,check wikitext
ցեմենտ,noun,['cement.'],Etymology needs research - no usable data found,check wikitext
փալազ,noun,"['gosling baby goose.', 'gosling (baby goose).']",Etymology needs research - no usable data found,check wikitext
փալաս,noun,"['rag (old scrap of cloth).', '(dialectal) old carpet or rug.', '(in the plural) rags (old, tattered clothing).', '(colloquial) swaddle (for babies).', '(figuratively) a weak, helpless person.']",Etymology needs research - no usable data found,check wikitext
փալասկա,noun,"['Istanbul cartridge box, cartridge belt, cartouchière, giberne.', '(Istanbul) cartridge box, cartridge belt, cartouchière, giberne.']",Etymology needs research - no usable data found,check wikitext
փահլևան,noun,"['dialectal ropedancer, tightrope walker, ropewalker.', '(dialectal) ropedancer, tightrope walker, ropewalker.', '(dialectal) wrestler.', '(dialectal) big strong brave man.']",Etymology needs research - no usable data found,check wikitext
փայտօս,noun,"['cessation of work, intermission, recess, respite.']",Etymology needs research - no usable data found,check wikitext
փաչա,noun,trotters of sheep.,Etymology needs research - no usable data found,check wikitext
փարաջա,noun,"['cassock, soutane, habit, cowl, frock worn by the clergy.', 'cassock, soutane, habit, cowl, frock (worn by the clergy).']",Etymology needs research - no usable data found,check wikitext
փարչ,noun,"['dialectal forms recorded in dialectological notation.', '(dialectal) waterpot.']",Etymology needs research - no usable data found,check wikitext
փափախ,noun,['papakha.'],Etymology needs research - no usable data found,check wikitext
փեշթախթա,noun,"['desk, counter in a shop.', 'cash box.']",Etymology needs research - no usable data found,check wikitext
փեշքեշ,noun,"['gift, present.']",Etymology needs research - no usable data found,check wikitext
փետրվար,noun,['February.'],Etymology needs research - no usable data found,check wikitext
փիճի,noun,"[', derives the Armenian and the Kartvelian from , comparing.', 'pine, Pinus, perhaps specifically stone pine, Pinus pinea.']",Etymology needs research - no usable data found,check wikitext
փնթի,adj,"['Kurdish:.', 'slovenly, untidy.']",Etymology needs research - no usable data found,check wikitext
փնտրել,verb,"['to look for, to search, to seek.', '(Western Armenian) to phone, to telephone, to ring.']",Etymology needs research - no usable data found,check wikitext
փշատ,noun,"['oleaster.', 'oleaster, Elaeagnus angustifolia.', 'fruit of oleaster.']",Etymology needs research - no usable data found,check wikitext
փոկ,noun,"['belt, strap, thong.', 'seal (the animal).']",Etymology needs research - no usable data found,check wikitext
փող,noun,"['money.', 'tubular part of various objects.']",Etymology needs research - no usable data found,check wikitext
փորսուղ,noun,['badger.'],Etymology needs research - no usable data found,check wikitext
փուչ,adj,"['hollow; empty; void.', '(figuratively) vain, futile; idle.', '(figuratively) worthless, bad, good-for-nothing.']",Etymology needs research - no usable data found,check wikitext
փրփրեմ,noun,"['purslane, ; especially the common purslane.', 'purslane, Portulaca; especially the common purslane, Portulaca oleracea.']",Etymology needs research - no usable data found,check wikitext
քամանչա,noun,"['musical instruments kamancheh.', '(music) kamancheh.']",Etymology needs research - no usable data found,check wikitext
քաչալ,adj,"['bald, hairless.']",Etymology needs research - no usable data found,check wikitext
քառա-,,alternative form of square.,Etymology needs research - no usable data found,check wikitext
քարճիկ,noun,"['gizzard.', '(Bulanık) kidney.']",Etymology needs research - no usable data found,check wikitext
քէսիմ,noun,"['cut, figure.', 'fashionable air, fashionable appearance, toilet.']",Etymology needs research - no usable data found,check wikitext
քէօլէ,noun,['slave.'],Etymology needs research - no usable data found,check wikitext
քթոց,noun,"['basket.', 'container for holding flour.', 'beehive made with sticks and twigs.']",Etymology needs research - no usable data found,check wikitext
քիբրիթ,noun,"['match device to make fire.', 'match (device to make fire).']",Etymology needs research - no usable data found,check wikitext
քիլիմ,noun,['kilim.'],Etymology needs research - no usable data found,check wikitext
քիչ,adj,"['few.', 'small, little.', 'little.', 'the little.']",Etymology needs research - no usable data found,check wikitext
քլունգ,noun,"['pickaxe, pick.']",Etymology needs research - no usable data found,check wikitext
քյար,noun,"['colloquial, dialectal gain, profit.', '(colloquial, dialectal) gain, profit.']",Etymology needs research - no usable data found,check wikitext
քյոմուր,noun,"['dialectal coal.', '(dialectal) coal.']",Etymology needs research - no usable data found,check wikitext
քյուֆթա,noun,['kofta.'],Etymology needs research - no usable data found,check wikitext
քննարկել,verb,"['to discuss, consider.']",Etymology needs research - no usable data found,check wikitext
քորուք,noun,['bellows.'],Etymology needs research - no usable data found,check wikitext
քուռակ,noun,"['young of a horse or a donkey, colt, foal.', '(derogatory) a generic mild insult.']",Etymology needs research - no usable data found,check wikitext
քուրջ,noun,"['dialectal forms recorded in dialectological notation.', '(dialectal) old cloth, rag.']",Etymology needs research - no usable data found,check wikitext
քջջել,verb,"['of fowl to rummage, dig in search of food.', '(of fowl) to rummage, dig (in search of food).']",Etymology needs research - no usable data found,check wikitext
օթաղ,noun,"['room, chamber.']",Etymology needs research - no usable data found,check wikitext
օյին,noun,"['trick; prank.', '(games) turn, move.']",Etymology needs research - no usable data found,check wikitext
ֆարյորերեն,adj,alternative form of Faroese.,Etymology needs research - no usable data found,check wikitext
ֆաքս,noun,"['fax document.', 'fax (document).', 'fax machine.']",Etymology needs research - no usable data found,check wikitext
ֆեն,noun,['hairdryer.'],Etymology needs research - no usable data found,check wikitext
ֆոյե,noun,"['foyer, lobby.']",Etymology needs research - no usable data found,check wikitext
ՔՈՒՇԱՏ,,"""to become close to someone, to be close to someone"" Kost. 159. He does not know the bad news, he takes some people with him.",Etymology needs research - no usable data found,mark as abbreviation
