title,etymology,reason
-ածո,From Old Armenian -adjective,lost_meaning
-ան,"From , from .",short
-ան-,"From , from .",short
-ապես,"From , from .",short
-ավոր,"From , from .",short
-իկ,", from .",short
-իչ,"From , from .",short
-ող,"From , .",short
-ուկ,"From , from .",short
-պան,"From , from .",short
Ալբերտ,"From , from .",short
Ալիև,"From , from .",short
Ալլահ,"From , from .",short
Ախալքալաք,Adaptation of.,short
Անտիոքոս,"From , from .",short
Ավագ,"From , from .",short
Ավանիսյան,A variant of.,short
Ատալիա,", from .",short
Արսեն,"From , from .",short
Բաբաջանյան,"From , from.",short
Բաթում,Adaptation of.,short
Բոստոն,"From , from .",short
Բուդաքյան,A variant of.,short
Գաբիկյան,From |-yan}}.,short
Գալուստ,Shortening of.,short
Գենդալֆ,"From , via .",short
Գյուլեզյան,A variant of.,short
Դանիա,", from .",short
Դարակչյան,A variant of.,short
Դիշչյան,A variant of.,short
Երկվորյակներ,Plural of.,short
Զեյնալյան,From |-yan}}.,short
Զենջիրջյան,A variant of.,short
Էլչիբեյ,"From , from .",short
Էնֆիեճյան,A variant of.,short
Թելավ,Adaptation of.,short
Թռփանճյան,A variant of.,short
Իսկեճյան,A variant of.,short
Լիպարիտ,", from .",short
Խաչիյան,From |-yan}}.,short
Կակոսյան,From |-yan}}.,short
Կասպք,"From , from .",short
Կարակաշյան,A variant of.,short
Կարէն,. Akin to.,short
Կետիկյան,A variant of.,short
Կիկերոն,"From , from .",short
Կյուրեղ,"From , from .",short
Հալեպ,. Doublet of.,short
Համամջյան,A variant of.,short
Հերովդես,"From , from .",short
Հիսուս,"From , from .",short
Հունան,"From , from .",short
Ձկներ,Plural of.,short
Մադաթ,"From , from .",short
Մանանդյան,"From , from .",short
Մեմնոն,"From , from .",short
Միտիչյան,From |-yan}}.,short
Մուկուչյան,From |-yan}}.,short
Մսըր,"From , from .",short
Մցխեթ,Adaptation of.,short
ՆԱՏՕ,", from .",short
Նիկողայոս,"From , from .",short
Նոյ,"From , from .",short
Շառոյան,A variant of.,short
Ոդիսևս,"From , from .",short
Չարենցավան,", named after.",short
Չերնյան,Perhaps from.,short
Չուխաջյան,"From , from .",short
Չոփուրյան,"From , from .",short
Պարմենիդես,"From , from .",short
Պինդարոս,"From , from .",short
Պիսիստրատոս,"From ,.",short
Պլեթոն,A modern-era.,short
Պլինիոս,"From , from .",short
Պյութագորաս,"From , from .",short
Պյուռոս,"From , from .",short
Ջամբազյան,"From , from .",short
Ռոբերտ,"From , from .",short
Սարայդարյան,A variant of.,short
Սարոյան,From |-yan}}.,short
Սերայդարյան,A variant of.,short
Սիմոնիդես,"From , from .",short
Սլոյան,From |-yan}}.,short
Սղերդ,"From , .",short
Սոլոն,. Doublet of.,short
Սոկրատես,"From , from .",short
Սողոմոն,"From , from .",short
Սոս,"From , from .",short
Սուրամ,Adaptation of.,short
Վեզուվ,Adaptation of.,short
Վիքիպեդիա,Adaptation of.,short
Տաջիկստան,Adaptation of.,short
Տիմոթեոս,"From , from .",short
Տիշչյան,A variant of.,short
Տրայանոս,"From , from .",short
Փայլածու,"From , from .",short
Քալանթարյան,"From , from .",short
Քեմենչեջյան,Variant of.,short
Քյուրեկճյան,A variant of.,short
Քութայիս,Adaptation of.,short
Քսենոկրատես,"From , from .",short
Օդաբաշյան,"From , from .",short
Օտտավա,", from .",short
Օրբելյան,Akin to.,short
Ֆեյս,Shortening of.,short
Ֆերմանյան,A variant of.,short
աբա,From .,short
աբանոս,From .,short
աբասի,From .,short
աբլա,"From , .",short
աբոլիցիոնիզմ,From .,short
աբոյ,From .,short
աբորտ,From .,short
աբուռ,"From , from .",short
աբսոլյուտիզմ,From .,short
աբսորբել,From .,short
ադամանդ,", from .",short
ազիկ,From .,short
ազոտ,From .,short
աթաբեկ,"From , from .",short
աթեիստ,Adaptation of.,short
աթթար,"From , from .",short
աժդահա,From .,short
ալ,.,short
ալաժահրի,"From , from .",short
ալամ,From .,short
ալբոմ,From .,short
ալեկոծել,"From , .",short
ալիբի,From .,short
ալկաշ,From .,short
ալկիոն,From .,short
ալկոգել,From .,short
ալմանախ,From .,short
ալմաս,"From , from .",short
ալմաստ,"From , , .",short
ալյանս,From .,short
ալոճ,From .,short
ալտերնատիվ,Adaptation of.,short
ալքիմիա,From .,short
ախմախ,From .,short
ակնթարթ,From .,short
ակորդեոն,From .,short
ակուլա,From .,short
ակուշկա,From .,short
ակռա,From .,short
ակտինիում,From .,short
ակտիվ,Adaptation of.,short
ակրոպոլիս,From .,short
աղա,From .,short
աղատել,From .,short
աղեղ,.,short
աղվոր,"From , from .",short
աճեմ,"From , from .",short
աճռել,From .,short
աման,", from .",short
ամբաստանք,", plural of.",short
ամբարտավանել,"From , .",short
ամբիցիոզ,Adaptation of.,short
ամեն,.,short
ամիրա,"From , from .",short
ամնիստիա,From .,short
ամպել,"From , from .",short
այլք,", plural of.",short
այսբերգ,From .,short
այրան,From .,short
անգինա,From .,short
անեկդոտ,From .,short
աներ,.,short
աներձագ,From .,short
անթ,"From , .",short
անթրոպոմորֆիզմ,Adaptation of.,short
անիսոն,From .,short
անկեղծ,"From , from .",short
անկտի,The origin is.,short
անձեռնոցիկ,Influenced by.,short
անսովոր,"From , from .",short
անվերջ,", from .",short
անտիկ,From .,short
անցկացնել,Equivalent to.,short
անքաղաքավարություն,From modern.,short
աշկարա,From . .,short
ապարատ,From .,short
ապե,Shortening of.,short
ապեր,Diminutive of.,short
ապիկ,From .,short
առվույտ,From .,short
ասլի,"From , from .",short
ասկետիզմ,From .,short
ասման,or .,short
ասմինոգ,From .,short
ասսամի,From .,short
աստատ,From .,short
ավիացիա,From .,short
ավտո,From .,short
ավտոպարկ,From .,short
ավտոռեֆերատ,From .,short
ատդուշի,From .,short
ատեստատ,From .,short
արճիճ,From .,short
արսեն,Adaptation of.,short
արտասունք,"From , from ․.",short
արտորալ,From .,short
արքատ,From .,short
ափսար,From .,short
ափսոս,", from .",short
աֆերիստ,", itself from.",short
բաբան,"From , from .",short
բագաժնիկ,From .,short
բազա,From .,short
բազազ,"From , from .",short
բազալտ,From .,short
բալ,", from .",short
բալախ,"From , from .",short
բալակլավա,From .,short
բալնիցա,From .,short
բահայի,From .,short
բանդա,From .,short
բանկ,From .,short
բաշիբոզուկ,From .,short
բաջի,From .,short
բառադի,Perhaps from.,short
բասկետբոլ,", from .",short
բաստուրմա,From .,short
բար,.,short
բարակ,.,short
բարիշել,", from .",short
բարիում,From .,short
բարմեն,"From , from .",short
բարութ,From .,short
բաց,.,short
բենզին,From .,short
բեսեդկա,From .,short
բեսիրաթ,From .,short
բետոն,"From , from .",short
բերիլիում,From .,short
բիբլիոգրաֆիա,From .,short
բիզնես մոդել,From .,short
բիզոն,From .,short
բիթ,From .,short
բիձա,From .,short
բինտ,From .,short
բիչոկ,From .,short
բիրմաներեն,Adaptation of.,short
բիֆշտեքս,From .,short
բլբուլ,", from .",short
բլղուր,From .,short
բլոկ,From .,short
բլոկադա,From .,short
բլոտ,From .,short
բյորեկ,From .,short
բյուջետային,Adaptation of.,short
բոզ,", from .",short
բոլշևիկ,From .,short
բոլուկ,From .,short
բոկեղ,From .,short
բողջոց,From .,short
բոյ,From .,short
բոնուս,From .,short
բոշ,From .,short
բով,.,short
բորան,From .,short
բորիում,Adaptation of.,short
բորոտություն,From . .,short
բորսա,From .,short
բու,"From , from .",short
բուդ,",.<ref></ref>.",short
բուդդիզմ,From .,short
բուդկա,From .,short
բուլդոզեր,"From , from .",short
բուլկի,", plural of.",short
բուկ,From .,short
բումերանգ,From .,short
բուն,.,short
բունկեր,From .,short
բուստ,From .,short
բուրգեր,From .,short
բուրժուա,. Doublet of.,short
բուրժուազիա,From .,short
բոքս,From .,short
բռինչ,From .,short
բռնչի,From .,short
բրավո,", from .",short
բրդուճ,", from .",short
բրեցել,From .,short
բրիգադ,From .,short
բրիտվա,From .,short
գադոլինիում,From .,short
գալիում,From .,short
գալստուկ,From .,short
գամակ,"From , from .",short
գամփռ,From .,short
գանդոն,"From , from .",short
գաուչո,"From , from .",short
գաստնիցա,From .,short
գարաժ,", from .",short
գեղացի,From .,short
գեներալ,From .,short
գեպարդ,", from .",short
գեստապո,"From , from .",short
գետ,.,short
գերա-,"From , from .",short
գերմանիում,From .,short
գինի,", from .",short
գլանդ,From .,short
գլասնոստ,From .,short
գլոբալ,Adaptation of.,short
գյորմամիշ,From .,short
գյուրզա,", from . .",short
գնդակ,"From , from .",short
գնդապետ,"From , from .",short
գնոստիցիզմ,From .,short
գոլ,"From , from .",short
գոլորշի,"From , .",short
գործելի,"From , from .",short
գործընկեր,Compound of.,short
գուդա,.<ref></ref>.,short
գուլ,From .,short
գունդ,.,short
գռուզ,From .,short
գրազ,From . .,short
գրանտ,"From , from .",short
գրելկա,From .,short
գրոսմայստեր,From .,short
գրպան,", from .",short
դաբրո,From .,short
դազգահ,From .,short
դաժե,From .,short
դալբայոբ,From .,short
դաղալ,From .,short
դամոն,From .,short
դայրա,"From , from .",short
դաշինք,", plural of.",short
դասել,From .,short
դավա,From .,short
դավայ,From .,short
դարդլու,From .,short
դարթս,From .,short
դարմշտադիում,Adaptation of.,short
դե յուրե,From .,short
դե ֆակտո,From .,short
դեդլայն,From .,short
դեղ,", from .",short
դեղնակուրծք կզաքիս,Apparently a.,short
դեղնուց,From .,short
դեպի,"From , from .",short
դեստրուկտիվ,Adaptation of.,short
դերձան,Related to.,short
դեցիմետր,From .,short
դեֆիս,From .,short
դժվար,"From , from .",short
դին,", from .",short
դինոզավր,From .,short
դիպլոմ,From .,short
դիսերտացիա,From .,short
դիսկրիմինացիա,From .,short
դիսպաշեր,"From , from .",short
դիսպետչեր,From .,short
դիսպրոզիում,From .,short
դիվերգենցիա,From .,short
դիվերսիոն,Adaptation of.,short
դիրագ,From .,short
դիրիժոր,From .,short
դյուգոն,From .,short
դյուժին,From .,short
դյույմ,From .,short
դոժ,From .,short
դոլմեն,From .,short
դոխ,From .,short
դոխտուր,From .,short
դուբնիում,From .,short
դունյա,", from .",short
դունչ,From .,short
դուր,The origin is.,short
դուրգար,From .,short
դուքան,From .,short
դոֆամին,From .,short
եզդի,From .,short
ելքեն,From .,short
եղերդակ,From .,short
եղրևանի,From .,short
ենթարկել,"From , from .",short
եվրոպեոիդ,From .,short
եվրոպիում,From .,short
ետև,"From , from .",short
երգել,"From , from .",short
երես,", from .",short
երերալ,"From , .",short
երեց,", from .",short
երկմտել,"From , .",short
երնեկ,"From , , .",short
երնջնակ,From .,short
եքյա,"From , from .",short
զաղար,From .,short
զայիֆ,", from .",short
զանավեսկա,From .,short
զառ,From .,short
զավոդ,From .,short
զավտրիկ,From .,short
զեբր,Adaptation of.,short
զերտևա,From .,short
զինակիր,"From , from .",short
զինճիֆր,"From , from .",short
զնջիլ,"From , from .",short
զով,"From , from .",short
զուբրիտ,From .,short
զութխի,From .,short
զուռնա,"From , from .",short
զոքանչ,"From , .",short
զրիշկ,From .,short
էթիկա,Adaptation of.,short
էթնիկ,From .,short
էժան,",  from . .",short
էլ,From . .,short
էլեկտրա-,Adaptation of.,short
էլեկտրոդ,From .,short
էլեմենտար,Adaptation of.,short
էկզոնիմ,From .,short
էկոնոմիկա,From .,short
էհմալ,"From , from .",short
էմբարգո,From .,short
էմիգրանտ,From .,short
էմոցիա,From .,short
էսկալացիա,From .,short
էսնաֆ,From .,short
էվոլյուցիոն,From .,short
էրբիում,From .,short
էքսպերիմենտալ,From .,short
էքսպերտ,From .,short
էքստրեմիստ,From .,short
էօտ աղաճը,From .,short
էֆենդի,From .,short
թագվոր,", from .",short
թազա,"From , from .",short
թաթար,From .,short
թալիում,From .,short
թաղ,.,short
թամաշա,"From , from .",short
թայֆա,"From , from .",short
թան,", from .",short
թանջարա,From .,short
թառ,From .,short
թառել,From .,short
թասակ,Akin to and.,short
թարթ,From .,short
թարթել,"From , from .",short
թարխանա,", from .",short
թարխուն,From .,short
թաքավիթ,"From , from .",short
թաքուն,", from .",short
թեզ,From .,short
թելաթին,"From , from .",short
թեմա,From .,short
թեոսոֆիա,From .,short
թերա-,"From , from .",short
թեփուկ,"From , from .",short
թեև,"From , .",short
թզբեխ,", from .",short
թթվաշ,From .,short
թխել,From .,short
թոզ,From .,short
թոն,.,short
թորիում,From .,short
թութ,", from .",short
թութխալ,From .,short
թութուն,From .,short
թութք,From .,short
թուլա,From .,short
թուլիում,From .,short
թունդ,", . .",short
թունել,From .,short
թուրինջ,"From , from .",short
թոփ,"From , from .",short
թվալ,", from .",short
թրաշ,", from .",short
թրեյլեր,From .,short
ժանի,The origin is.,short
ժանր,", from . .",short
ժարգոն,From .,short
ժոխ,From .,short
ժոնգլյոր,From .,short
ժոստկի,From .,short
ժուլիկ,From .,short
ժուռնալ,From .,short
իբո,From .,short
իմիջ,"From , from .",short
իմտատ,"From , from .",short
ինատճի,From .,short
ինդիում,From .,short
իներտ,Adaptation of.,short
ինթերն,From .,short
ինժեներ,From .,short
ինչու,", from .",short
ինստիտուցիոնալ,Adaptation of.,short
ինվալիդ,From .,short
ինվեստիցիա,From .,short
ինֆոգրաֆիկա,From .,short
ինֆրաստրուկտուրա,From .,short
իռացիոնալ,Adaptation of.,short
իռեդենտիզմ,From .,short
իսպառ,"From , .",short
իտերբիում,From .,short
իտրիում,Partly from.,short
իրար,"From , from .",short
իրիդիում,From .,short
իքեն,From .,short
լազաթ,"From ,  ().",short
լալ,.,short
լախանա,"From , from .",short
լախտ,From .,short
լակոտ,", from .",short
լամպուշկա,From .,short
լանգ դոկ,From .,short
լանթան,From .,short
լանչ,From .,short
լապատկա,From .,short
լաջվարդ,", , from .",short
լարի,From .,short
լաք,.,short
լեգիտիմ,Adaptation of.,short
լեկ,.,short
լեհ,From .,short
լեհեպ,"From , from .",short
լենտ,From .,short
լեշ,From .,short
լերդախոտ,From .,short
լիգա,From .,short
լիթիում,From .,short
լիժա,From .,short
լիմոն,From .,short
լիմուզին,From .,short
լղար,", from .",short
լյուստրա,From .,short
լոգիկա,From .,short
լոգին,From .,short
լոխ,From .,short
լոխում,From .,short
լոխումճի,From .,short
լոշ,From .,short
լորտ,The origin is.,short
լոքշ,Possibly from.,short
խաբար,From .,short
խադավիկ,From .,short
խաժ,From .,short
խալ,From .,short
խալի,"From , from .",short
խալտուրա,From .,short
խամաճիկ,From .,short
խամոն,"From , from .",short
խանդակ,", from .",short
խաշել,"From , .",short
խաշու,"From , from .",short
խառատ,"From , from .",short
խառընճա,From .,short
խավարծիլ,From .,short
խավիար,"From , from .",short
խարբիզակ,From .,short
խարկել,"From , from .",short
խարջել,"From , from .",short
խարտոց,", from .",short
խեժ,From .,short
խեչակ,From .,short
խին,The origin is.,short
խիրուրգ,From .,short
խլեզ,From .,short
խնչել,"From , from .",short
խոնարհում,"From , from .",short
խոնչա,"From , from .",short
խորխ,The origin is.,short
խորոզ,"From , from .",short
խունդի,From .,short
խուրմա,"From , from .",short
խռավաթ,Based on.,short
խրիդ,From .,short
խրխնջալ,"From , from .",short
ծածկույթ,"From , from .",short
ծանոթանալ,"From , from .",short
ծիծակ,From .,short
ծիմել,"From , .",short
ծիրտ,The origin is.,short
ծլել,"From , .",short
ծխանելիք,From .,short
ծյոծյա,From .,short
ծովակ,"From , from .",short
ծվաղ,From .,short
կադմիում,From .,short
կալբաս,From .,short
կալիում,From .,short
կալիֆոռնիում,From .,short
կակազ,", from .",short
կակազել,", from .",short
կակաչ,From .,short
կաղջին,From .,short
կամար,From . .,short
կանեփ,", from . .",short
կանկառ,", , from .",short
կաշառք,", plural of.",short
կապա,"From , from .",short
կապիշոն,"From , .",short
կապիտան,From .,short
կապուտ,"From , from .",short
կառե,From .,short
կառոչի,From .,short
կառուցել,Adaptation of.,short
կատալիզատոր,From .,short
կարամել,From .,short
կարատե,From .,short
կարդինալ,From .,short
կարել,.,short
կարելի,"From , from .",short
կարկին,", from .",short
կարոս,From .,short
կարպետ,", from .",short
կարտ,From .,short
կարտոշկա,From .,short
կաֆե,From .,short
կենգուրու,"From , from .",short
կենճ,"From , from .",short
կենտավրոս,From .,short
կեռաս,", from , . .",short
կետչուպ,"From , from .",short
կիմեր,From .,short
կինո,From .,short
կիրիլիցա,From .,short
կիւվէրճին,From .,short
կլափ,"From , from .",short
կլեյ,From .,short
կլոուն,From .,short
կլպել,", from .",short
կծոխուր,From .,short
կղմինդր,", from .",short
կճուճ,From .,short
կշեռք,"From , from .",short
կշտանալ,From .,short
կոբալտ,From .,short
կոթ,From .,short
կոլգոտկա,From .,short
կոլեգա,", from .",short
կոլեգիա,From .,short
կոլիբրի,From .,short
կոլխոզ,From .,short
կոլոտ,From .,short
կոկոս,From .,short
կոկտեյլ,"From , from .",short
կողակ,The origin is.,short
կողպել,From .,short
կոմբալ,From .,short
կոմբայն,From .,short
կոմբինատ,From .,short
կոմունիզմ,From .,short
կոմունիկացիա,From .,short
կոմպետենտ,Adaptation of.,short
կոմպոզիտոր,From .,short
կոմպոնենտ,From .,short
կոմպրոմիս,From .,short
կոնգրես,From .,short
կոնկրետ,Adaptation of.,short
կոնսոլիդացիա,From .,short
կոնստրուկտիվ,Adaptation of.,short
կոնտենտ,"From , from .",short
կոնտեքստ,From .,short
կոնտրոլ,From .,short
կոնցեպցիա,From .,short
կոնֆետ,From .,short
կոպեռնիցիում,Adaptation of.,short
կոռուպցիոն,Adaptation of.,short
կոռուպցիոներ,From .,short
կովբոյ,"From , from .",short
կովթա,From .,short
կոտլետ,From .,short
կոտորակ,"From , from .",short
կոտրել,", from .",short
կորեկ,", from .",short
կորկոտ,"From , from .",short
կորոնավիրուս,From .,short
կորտ,"From , from .",short
կուզ,.,short
կուլմինացիա,From .,short
կուկուռուզ,From .,short
կունձի,From .,short
կուշտ,From .,short
կուռ,.,short
կուրչատովիում,From .,short
կուրս,From .,short
կուց,From .,short
կոֆե,From .,short
կոֆեին,From .,short
կպնել,"From , from .",short
կռահել,From .,short
կռան,.,short
կռապաշտ,From . .,short
կռճիկ,.<ref></ref>.,short
կվաս,From .,short
կվարց,From .,short
կվարցիտ,From .,short
կտոր,", from . .",short
կրախ,From .,short
կրեատիվ,Adaptation of.,short
կրեմ,From .,short
կրեոլ,From .,short
կրիպտոն,From .,short
կրիտիկական կետ,Likely a.,short
կրուասան,From .,short
կրունկ,"From , from .",short
հազար,"From , from .",short
հաճարենի,Suffixed with.,short
համբուրել,"From , from .",short
հայտ,"From , .",short
հանդբոլ,From .,short
հանդիպել,"From , from .",short
հանըմ,From .,short
հանուն,"From , from .",short
հաշվել,"From , from .",short
հապալաս,", from .",short
հասիում,Adaptation of.,short
հավ,.,short
հավայի,From .,short
հավես,From .,short
հավք,", plural of.",short
հարամի,"From , from .",short
հարբել,"From , .",short
հարել,.,short
հարկավոր,", from.",short
հարսանիթ,From .,short
հաքեր,From .,short
հաֆնիում,From .,short
հելիում,From .,short
հեշթեգ,From .,short
հեչ,", from .",short
հերոս,.<ref></ref>.,short
հիգիենա,Adaptation of.,short
հիլ,"From , from .",short
հիմա,From .,short
հինդուստանի,From .,short
հիպնոս,From .,short
հիստերիա,From .,short
հիփ-հոփ,From .,short
հոբոյ,Adaptation of.,short
հոգնա,", , from .",short
հոլմիում,From .,short
հոմոֆոբիա,From .,short
հոնք,"From , from .",short
հոսանքի աղբյուր,Dative of +.,short
հոտ,From .,short
հորանջել,Infinitive of.,short
հորիզոն,From .,short
հորու,From .,short
հու,From .,short
հուգենոտ,From .,short
հումանիտար,Adaptation of.,short
հումուս,From .,short
հունավոր,From .,short
հուներեն,Influenced by.,short
հռչակել,"From , from .",short
ձայնավոր,"From , from .",short
ձարխոտ,From .,short
ձեռագիր,"From , from .",short
ձկնկուլ,From .,short
ձմերուկ,From .,short
ձնծաղիկ,"From , from .",short
ձվաձեղ,From .,short
ղազ,"From , from .",short
ղալաթ,From .,short
ղալիբ,", from . .",short
ղաշանգ,"From , from .",short
ղասաբ,From .,short
ղարավաշ,"From , from .",short
ղեր,"From , .",short
ղզիկ,From .,short
ղզլբաշ,From .,short
ղզօղլան,", from .",short
ղոզ,From .,short
ղոնաղ,From .,short
ղորդ,", , , , from .",short
ղուսուր,"From , from .",short
ղսմաթ,"From , from .",short
ճանդար,"From , .",short
ճանչնալ,"From , from .",short
ճիզվիտ,"(), from .",short
ճիլակ,From .,short
ճիվ,"From , from .",short
ճղել,From .,short
ճոկան,"From , from .",short
ճորտ,", from .",short
մագնեզիում,From .,short
մագնիտոֆոն,From .,short
մադիան,From .,short
մազկապ,From .,short
մաթեմատիկա,From .,short
մաթեմատիկոս,From .,short
մալ,From .,short
մալադեց,From .,short
մախտ,"From , .",short
մախր,From .,short
մահմեդական,From .,short
մաճար,From .,short
մամ,From .,short
մամիկ,From .,short
մայլա,From .,short
մայկա,From .,short
մայոնեզ,From .,short
մայտներիում,Adaptation of.,short
մանանեխ,"From , .",short
մանգան,From .,short
մանդարին,From .,short
մանուլ,From .,short
մաշկաթևիկ,From .,short
մաշնա,Distortion of.,short
մառոժնի,Adaptation of.,short
մասշտաբ,"From , from .",short
մասուր,From .,short
մավի,From .,short
մատ,.,short
մատե,"From , from .",short
մատուտակ,From .,short
մարագ,From .,short
մարխ,From .,short
մարկիզ,From .,short
մարմար,"From , from .",short
մարշրուտ,", from .",short
մարտ,.,short
մարքսիզմ,Adaptation of.,short
մեգապոլիս,From .,short
մեզ,For see.,short
մեխ,From .,short
մեխակ,From .,short
մեծ,"From , from .",short
մեյմուն,"From , from .",short
մենթալիտետ,From .,short
մենյու,From .,short
մեշին,"From , from .",short
մեսիջ,"From , from .",short
մետաղ,"From , from .",short
մետիս,From .,short
մետրոպոլիտեն,From .,short
մեր,Genitive of.,short
մերի,From .,short
միասնաբար,"From , from .",short
միլիոն,.<ref></ref>.,short
միլիցիա,From .,short
միլիցիոներ,From .,short
միկրոօրգանիզմ,From .,short
մինա,From .,short
մինետ,", from .",short
միստերիա,From .,short
միտք,", plural of.",short
մլակ,From  .,short
մլուկ,From  .,short
մկնականջ,From .,short
մկրատ,", from .",short
մշուշ,From .,short
մոդուլ,From .,short
մոլիբդեն,From .,short
մոծակ,From .,short
մող,The origin is.,short
մոշ,From .,short
մոշենի,From .,short
մոշի,From .,short
մոռ,"From , from .",short
մոտո,Shortening of.,short
մոտոցիկլ,From .,short
մոտոցիկլետ,From .,short
մորալիստ,From .,short
մորթի,"From , .",short
մորմ,From .,short
մորմենի,From .,short
մուլատ,From .,short
մուղամ,From .,short
մունջ,"From , from .",short
մուշտակ,"From , from .",short
մուշտարի,"From , .",short
մուսուլման,From .,short
մուրաբա,"From , from .",short
մուրուք,"From , from .",short
մռել,"From , from .",short
մռեղ,"From , from .",short
յաթաղան,From .,short
յաղութ,From .,short
յաշիկ,From .,short
յառլիկ,. Doublet of.,short
յար,"From , from .",short
յարա,From .,short
յարմարկա,From .,short
յոյս,The origin is.,short
յուբկա,From .,short
նազ,", from .",short
նալբանդ,", from .",short
նախա-,With.,short
նախադեպ,"From , from .",short
նամազ,"From , from .",short
նանոտեխնոլոգիա,From .,short
նաջար,From .,short
նավթ,. See also.,short
նատյուրմորտ,From .,short
նատրիում,From .,short
նարգիզ,"From , from .",short
նարդի,", itself from.",short
նարինջ,", from , .",short
նարտ,", from .",short
նեգատիվ,Adaptation of.,short
նեխել,"From , from .",short
նեյտրալ,From .,short
նեոդիմ,From .,short
նեոնացիստ,From .,short
նեպտունիում,From .,short
ներվ,From .,short
նիկել,From .,short
նիոբիում,From .,short
նշենի,"From , from .",short
նոբելիում,From .,short
նորահարս,", from .",short
նու,From .,short
նռնենի,"From , from .",short
շալակ,", from .",short
շակալ,From .,short
շահել,"From , from .",short
շահեն,From .,short
շահնշահ,", from .",short
շաղ,", from .",short
շամամ,"From , from .",short
շամանտուրա,"From , .",short
շայբա,From .,short
շանսոնյե,", from .",short
շանտաժ,From .,short
շատրվան,From .,short
շարական,"From , from .",short
շափխա,", from . .",short
շեղ,. Related to.,short
շեղբ,From .,short
շեյթան,"From , from .",short
շեյրել,From .,short
շեռ,From .,short
շերեփ,", , of origin.",short
շիզիկ,From .,short
շիզոֆրենիկ,From .,short
շիվ,From .,short
շիվան,From .,short
շլագբաում,"From , from .",short
շոկոլադ,From .,short
շողիք,", , from .",short
շոու բիզնես,From .,short
շուշմա,From .,short
շոքոլա,From .,short
շոֆեր,From .,short
շռել,", from .",short
շտաբ,"From , from .",short
շրջարկ,", from .",short
շփոթել,", from .",short
ոտնաման,From .,short
որձակ,"From , from .",short
որքան,"From , from .",short
ուդ,From .,short
ուդմուրտ,From .,short
ուժ,", from .",short
ուլից,From .,short
ուղեկից,"From , from .",short
ույծք,", plural of.",short
ունիկալ,From .,short
ունիվերմագ,From .,short
ունք,From .,short
ուռ,The origin is.,short
ուսանող,"From , from .",short
ուտել,", from .",short
ուրան,From .,short
ուրիշ,"From , .",short
չագուչ,"From , .",short
չախմախ,"From , from .",short
չախու,"From , from .",short
չայլախ,From .,short
չայնիկ,From .,short
չատ,", from .",short
չարաճճի,"From , from .",short
չեբուրեկի,From .,short
չեխոլ,From .,short
չեմպիոն,"From , from .",short
չեյնջ,", from .",short
չէթէլէ,From .,short
չիբուխ,From .,short
չինար,", from .",short
չինարի,From .,short
չիներեն,Influenced by.,short
չինովնիկ,From .,short
չիպ,"From , from .",short
չիրքին,", from .",short
չոբան,", from .",short
չորանալ,"From , from .",short
չուգուն,.<ref></ref>.,short
չուլ,"From , from .",short
չոքել,"From , from .",short
պագնել,", from .",short
պադեզդ,From .,short
պադշիպնիկ,From .,short
պալադիում,From .,short
պալմոմի,From .,short
պաշճի,From .,short
պապ,.,short
պառկել,"From , .",short
պատալոկ,From .,short
պատահել,"From , .",short
պատան,", , from .",short
պատատուկ,From .,short
պատկերահան,"From , from .",short
պատռել,"From , from .",short
պարադոքս,Adaptation of.,short
պարաշյուտ,From .,short
պարապել,"From , .
.}}.",short
պարբրիս,From .,short
պարզել,"From , from .",short
պարծենալ,"From , .",short
պարկել,Influenced by.,short
պարմեզան,From .,short
պարսկական,"From , from .",short
պարտիզան,From .,short
պեդալ,From .,short
պենալ,Adaptation of.,short
պեչատ,From .,short
պեչենի,From .,short
պեսո,"From , from .",short
պետք,"From , .",short
պերեստրոյկա,From .,short
պերիլա,From .,short
պերմանենտ,From .,short
պիես,From .,short
պիլասոս,From .,short
պիլիպինո,From .,short
պիոն,From .,short
պիջակ,From .,short
պիվա,From .,short
պիտի,"From , from .",short
պիցցա,From .,short
պլագիատոր,From .,short
պլան,.,short
պլանտացիա,From .,short
պլասկագուբցի,From .,short
պլատին,From .,short
պլոկել,"From , .",short
պլուտոնիում,From .,short
պոեզդ,From .,short
պոեմ,From .,short
պոզ,", from .",short
պոզիտիվ,Adaptation of.,short
պոզիտիվիզմ,From .,short
պոլ,From .,short
պոլիկլինիկա,From .,short
պոլոնիում,From .,short
պող,From .,short
պոյաճի,From .,short
պոպուլիզմ,From .,short
պոպուլիստ,From .,short
պուտինիզմ,From .,short
պուրի,From .,short
պտեր,", from .",short
պրազեոդիմ,From .,short
պրակտիկ,Adaptation of.,short
պրակրիտ,From .,short
պրիզմա,From .,short
պրիմիտիվ,Adaptation of.,short
պրիյատնի,From .,short
պրինտեր,From .,short
պրոբլեմ,Adaptation of.,short
պրոդուկտիվ,Adaptation of.,short
պրոլետար,Adaptation of.,short
պրոլյուվիալ,Adaptation of.,short
պրոմեթիում,From .,short
պրոպագանդա,From .,short
պրոսպեկտ,From .,short
պրոտակտինիում,From .,short
ջազ,From .,short
ջահել,", from .",short
ջահիլ,", from .",short
ջայլամ,", from .",short
ջան,"From , from .",short
ջանեջան,Likely.,short
ջեմ,", from .",short
ջենտլմեն,", from .",short
ջիգիթ,From .,short
ջիգյար,", from .",short
ջիհադ,From .,short
ջինս,From .,short
ջիպ,", from .",short
ջհուդ,", from .",short
ջուլհակ,", from .",short
ջունգլի,", from .",short
ջուր,", from .",short
ջրաղաց,From .,short
ջրել,", from .",short
ջրկոտեմ,From .,short
ջրհորդան,"From , from .",short
ռագատկա,From .,short
ռադիո,From .,short
ռադիում,From .,short
ռադոն,From .,short
ռազվեդկա,From .,short
ռազվեդչիկ,From .,short
ռազվոդ,From .,short
ռակ,From .,short
ռասա,From .,short
ռասիզմ,From .,short
ռասիստ,From .,short
ռավենտ,"From , from .",short
ռացիոնալ,Adaptation of.,short
ռեալ,Adaptation of.,short
ռեակտոր,From .,short
ռեբուս,From .,short
ռեգբի,From .,short
ռեգլամենտ,From .,short
ռելս,From .,short
ռեկլամ,Adaptation of.,short
ռեհան,", from .",short
ռեմոնտ,From .,short
ռեյտինգ,From .,short
ռենիում,From .,short
ռենտգենիում,Adaptation of.,short
ռեստորան,From .,short
ռեֆորմ,Adaptation of.,short
ռիթմ,Adaptation of.,short
ռոդիում,From .,short
ռոժ,From .,short
ռոմ,From .,short
ռոմանշ,From .,short
ռուբիդիում,From .,short
ռութենիում,From .,short
ռումեն,From .,short
ռուչկա,From .,short
ռուպոր,From .,short
ռևանշ,"From , from .",short
սաբոտաժ,From .,short
սազ,From .,short
սալամանդր,From .,short
սալյամի,From .,short
սալոր,From .,short
սալֆետկա,From .,short
սահաթչի,From .,short
սահմանել,"From , from .",short
սաղ,"From , from .",short
սաղլամ,From .,short
սամալյոտ,From .,short
սամարիում,From .,short
սամսար,From .,short
սանկ,Clipping of.,short
սանկա,From .,short
սանկցիա,From .,short
սանձարձակ,"From , from .",short
սանտիմ,From .,short
սապոն,From .,short
սառոշկա,From .,short
սատելիտ,From .,short
սարկազմ,From .,short
սաքսոֆոն,From .,short
սելեն,From .,short
սենդվիչ,", from .",short
սեռի,From .,short
սեսիա,From .,short
սեստրա,From .,short
սեր,.,short
սերենդեր,", from .",short
սեփական,"From , .",short
սեֆերբերլիք,From .,short
սզնի,"From , from .",short
սթենդ,From .,short
սիբորգիում,Adaptation of.,short
սիգ,From .,short
սիգար,Adaptation of.,short
սիգարետ,From .,short
սիմվոլ,From .,short
սիմվոլիկ,Adaptation of.,short
սիստեմ,From .,short
սիվրիսինէկ,From .,short
սիտուացիա,From .,short
սլայդ,"From , from .",short
սխտոր,"From , .",short
սկալդ,From .,short
սկանդիում,From .,short
սկաներ,From .,short
սկյութ,", from .",short
սկոռի,From .,short
սկվազնյակ,From .,short
սմարթֆոն,From .,short
սմբուլ,From .,short
սմեգմա,From .,short
սնոուբորդ,"From , from .",short
սնուկեր,From .,short
սոլախ,From .,short
սոլիստ,From .,short
սոմելիե,From .,short
սոնիճ,From .,short
սորալ,"From , from .",short
սորգո,From .,short
սոցիոլոգ,From .,short
սոցիոլոգիա,From .,short
սուլթան,From .,short
սպամ,", from .",short
սպանախ,"From , from .",short
սպասել,", from .",short
սպերմատոզոիդ,From .,short
սպեցնազ,From .,short
սպիրտ,From .,short
սպուտնիկ,From .,short
սպրդել,"From , .",short
ստալինիզմ,From .,short
ստախոս,"From , from .",short
ստակ,Shortening of.,short
ստատիստիկա,From .,short
ստատուս,From .,short
ստեխիոմետրիա,From .,short
ստենդ,"From , from .",short
ստենտ,"From , from .",short
ստեպղին,"From , from .",short
ստինք,", plural of.",short
ստուդիա,From .,short
ստրատեգիա,From .,short
ստրիպտիզ,From .,short
սրբագրել,"From , from .",short
սրել,"From , from .",short
սրինգ,", from . .",short
սրմա,From .,short
սրտանց,", , from . .",short
սցենար,Adaptation of.,short
սցենարիստ,From .,short
վազ,"From , from .",short
վաթել,", from .",short
վալետ,From .,short
վալս,From .,short
վակուում,From .,short
վայիս,", from .",short
վանադիում,From .,short
վառեկ,From .,short
վառյակ,. See on this.,short
վասալ,From .,short
վարդապետ,From . .,short
վեդրո,From .,short
վեթինգ,From .,short
վենդետա,From .,short
վերա-,"From , from .",short
վերմիշել,From .,short
վերմուտ,From .,short
վերուվար,"From , .",short
վերստ,From .,short
վերև,", from .",short
վիճել,"From , from .",short
վիրուս,From .,short
վլաստ,From .,short
վռազել,"From , from .",short
վրա,"From , from .",short
վրացի,"From , from .",short
տակռի,From .,short
տակտիկա,From .,short
տաճիկ,", from . .",short
տանկ,"From , from .",short
տանտալ,From .,short
տապիոկա,From .,short
տառական,From .,short
տառեխ,From .,short
տասնութ,From. Note.,short
տատ,Imitative of.,short
տարերք,", plural of.",short
տարեց,From .,short
տարիք,", plural of.",short
տաքդեղ,From .,short
տաքսի,Adaptation of.,short
տելուր,From .,short
տեխնոպարկ,From .,short
տեկիլա,"From , from .",short
տեղ,.,short
տեռորիզմ,From .,short
տերբիում,From .,short
տերիտորիա,From .,short
տերմին,From .,short
տիր,From .,short
տնակ,"From , from .",short
տողրամաճի,From .,short
տոստ,", from .",short
տոտեմ,From .,short
տորթ,From .,short
տորոն,From .,short
տորպեդ,Adaptation of.,short
տուալետ,From .,short
տուբերկուլյոզ,From .,short
տուզ,From .,short
տուկան,From .,short
տուտուց,From .,short
տուրբին,From .,short
տուրիզմ,From .,short
տրակտոր,From .,short
տրամվայ,", from .",short
տրանսգենդեր,From .,short
տրավերտին,From .,short
տրենաժոր,From .,short
տրիբունա,From .,short
տրոլեյբուս,", from .",short
տրոմբոն,From .,short
տրոցկիզմ,From .,short
տրուբա,From .,short
տրուսիկ,From .,short
տրցակ,From .,short
տրցակել,From .,short
ցայտնոտ,From .,short
ցար,From .,short
ցել,", from .",short
ցեմենտ,From .,short
ցենտներ,"From , from .",short
ցեպ,From .,short
ցիգան,From .,short
ցինգա,From .,short
ցինիզմ,From .,short
ցինկ,"From , from .",short
ցնցել,"From , from .",short
ցորեն,"From , from .",short
ցուգցվանգ,From .,short
փազլ,From .,short
փալազ,From .,short
փալաս,From .,short
փալասկա,From .,short
փահլևան,From .,short
փայտօս,"From , .",short
փաչա,"From , from .",short
փասվորդ,From .,short
փարաջա,From .,short
փարդա,", from . .",short
փարթի,From .,short
փարչ,", from .",short
փափախ,"From , from .",short
փեշթախթա,"From , from .",short
փեշքեշ,"From , from .",short
փետրվար,"From , .",short
փերի,", from . .",short
փիճի,From .,short
փլաժ,From .,short
փնթի,From .,short
փնտրել,"From , .",short
փշատ,From .,short
փոկ,.,short
փող,.,short
փողրակ,"From , .",short
փորսուղ,From .,short
փուչ,From .,short
փոքրանալ,"From , from .",short
փսիխոզ,From .,short
փրփրեմ,From .,short
քամանչա,From .,short
քանթալ,". Akin to ,.",short
քաչալ,From .,short
քառա-,"From , from .",short
քար,", from .",short
քարճիկ,From .,short
քարուկիր,From .,short
քերմես,From .,short
քեֆ,", from . .",short
քէմէր,", itself from.",short
քէսիմ,From .,short
քէօլէ,From .,short
քթոց,"From , .",short
քթվել,", , from .",short
քիբրիթ,"From , from .",short
քիլիմ,From .,short
քիմիա,From .,short
քիչ,From .,short
քիրվա,From .,short
քլունգ,From .,short
քյար,"From , from .",short
քյոմուր,From .,short
քյուֆթա,"From , from .",short
քննարկել,From .,short
քորուք,From .,short
քուռակ,From .,short
քուրջ,From .,short
քջջել,From .,short
քսան,"From , from .",short
քսերոքս,From .,short
քսիլոֆոն,From .,short
քվազար,From .,short
քվարկ,From .,short
քրավաթ,From .,short
քրոմոսոմ,From .,short
քֆուր,"Via , from .",short
օբյեկտ,From .,short
օթաղ,From .,short
օթո,From .,short
օլիգարխ,From .,short
օլիգարխիա,"From , from .",short
օկուպանտ,From .,short
օկուպացիա,From .,short
օյաղ,From .,short
օյին,From .,short
օնանիզմ,From .,short
օպերա,From .,short
օս,From .,short
օսմիում,From .,short
օրգան,From .,short
օրգանիզմ,From .,short
օրթոդոնտիա,Adaptation of.,short
օրնիթոլոգիա,From .,short
ֆագոտ,From .,short
ֆակուլտատիվ,Adaptation of.,short
ֆաշիզմ,From .,short
ֆարյորերեն,From  .,short
ֆաքս,", from .",short
ֆեն,", from .",short
ֆեոդալ,From .,short
ֆեոդալիզմ,From .,short
ֆերմա,From .,short
ֆերմիոն,From .,short
ֆերմիում,From .,short
ֆիզիկ,From .,short
ֆիզիկա,From .,short
ֆիլոլոգիա,From .,short
ֆիքսել,Adaptation of.,short
ֆլամենկո,From .,short
ֆլամինգո,Entered from.,short
ֆլոմ,Shortening of.,short
ֆյուրեր,"From , from .",short
ֆոլգա,From .,short
ֆոյե,", from .",short
ֆոն,From .,short
ֆոսֆոր,From .,short
ֆուտբոլ,"From , from .",short
ֆուտբոլիստ,From .,short
ֆոքստրոտ,From .,short
ֆրակ,From .,short
ֆրանկ,From .,short
ֆրեյդիզմ,From .,short
ևս,. See also.,short
ԱՐՏԱԽՈՅՐ,+ Բարդուած է արտ+խոյր բառերից. վեր-ջինը իրանեան փոխառութիւն է (տե՛ս խոյր). բայց ի՞նչ է արտ-։-Հիւբշ. 160։,armenian_only
ԱՒՐ,"= Յն.αύρα «սիւք, բարակ քամի», άω «փչել» բայից։",armenian_only
ԳԱՀ,= Թուի թէ նոյն է նախորդ բառի հետ։,armenian_only
ԳՈԳ,"ՓՈԽ.-Հյ. գոգնոց բառը փոխառեալ է թուրքերէնի մէջ. տե՛ս Ծաղիկ, 1891, էջ 89-90. գործածւում է օր. Զիլէի թուրքերի բար-բառով (տե՛ս Յուշարձ. էջ 327)։",armenian_only
ԳՈՒՄ,-Սխալ ենթադրուած է գումար բառից. իբր սրա արմատը։,armenian_only
ԴԱԼ,"=Բնիկ հայ բառ. հնագոյն ձևն է դայլ, ո-րից յառաջացել է դալ. մեկնութիւնը տե՛ս դի-ել բառի տակ։-Հիւբշ. 437։",armenian_only
ԵՐԱՆ,= Կազմուած է պարզական եր արմատից ան մասնիկով. այս նոյն արմատը՝ ջ աճա-կանով՝ ցոյց է տալիս երջ-ան-իկ. հմմա. գոլ-գաղջ և շուռ գալ-շուրջ։-Աճ.,armenian_only
ԽԱԶ,"= Կովկասեան լեզուներից փոխառեալ բառ Լ. հմմտ. վրաց. საზი խազի «գիծ, շարք». ხაზვა խազվա «գիծ քաշել, գծագրել», მხაზ-ველი մխազվելի «գծագրիչ», დახაზვა դա-խազվա «գծեր, քաշել, կանոնաւորել, յատա-կագիծ պատրաստել», დახაზმლობა դախա-զուլոբա «յատակագիծ, պատկեր», მოხაზვა մոխազվա «գծել, յատակագիծ շինել», მოხაზულობა մոխազուլոբա «յատակագիծ, պատկեր», ուտի խազ «գիծ», խազզափսուն, խազբեսուն «գծել», կիւր. խազ «ճեղքել». լազ. խազ (կտր. դոբխազինի, ապռ. բխա-զինամինոն) «գծել»։-Աճ.",armenian_only
ԽԱԶ,"=Նոյն է հյ. խանձ բառի հետ, որից խան-ձիլ «մոլիլ, մոլեգնաբար ցանկալ», մարդա-խանձ, գիշախանձ ևն. բառավերջի նձ դարձել է այստեղ զ (հմմտ. այս մասին իմ յօդուա-ծը՝ ՀԱ 1905, 346)։",armenian_only
ԽԱՂՏ,= Ծագում է Խաղտեաց ազգի անունից հմմտ. դուժ բառի տակ ասուածները։,armenian_only
ԽԱՐԲ,"= Վրաց. ხარბი խարբի «ագահ, ան-կուշտ», որից გახარბება գախարբեբա «ա-գահութեան վարժուիլ», დახარბება դա-խարբեբա «մէկին ագահ դարձնել»։ Հալե-րէն բառը փոխառեալ է վրացերէնից և ո՛չ հակառակը, որովհետև ուշ ժամանակ միայն գործածուած անսովոր մի բառ է։-Աճ.",armenian_only
ԽԱՒ,"= Բառիս հետ նոյն է ուտ. խա «բուրդ», որից խալու «բրդոտ» ևն։",armenian_only
ԾՈՐ,"ՓՈԽ.-Վրաց. მწორო մծորո «սին պտու-որ», წორო ծորո «մի տեսակ ծառ է»։",armenian_only
ԿԱԹ,"ՓՈԽ.-Ուտ. կատ «կաթիլ, կայլակ», կատ-իեսուն «կաթիլ, կայլակել»։",armenian_only
ԿԱԿԱԶ,"= Կրկնուած է կազ պարզական արմատից, որ առանձին աւանդուած չէ։",armenian_only
ԿՈՌ,ՓՈԽ.-Վրաց. კორნატი կորնատի «վէգ»։,armenian_only
ԿՈՐ,"ՓՈԽ.-Ուտ. կիրի, միրի, կորի, մորի, կի-ւիմիրի, կորիմորի «կոր, ծուռ, կորացնելը, ձռելը», կիրիբսուն «ծռել», կիրիբաքսուն «ծռիլ, կորանալ», կորիբսուն «կորանալ. ծռիլ». հմմտ. հյ. կոռ-մոռ գալ կրկնականը։",armenian_only
ԿՈՐՃ,ՓՈԽ.-Վրաց. ყურჭი ղ'ուրճի «մի տե-սակ թռչուն է. ցին»։,armenian_only
ԿՈՒՐՏԱԿ,-KUI see Kits.,short
ԿՌԱՆ,= Յն. ϰρανεια «հոյն»։,armenian_only
ԿՐԻՏ,= Յն. ϰριτής «դատաւոր. 2. մեկնիչ»։,armenian_only
ԿՐԿԻՏ,"-Կարմուած է -կին «-պատիկ» մասնի-կով կր-արմատից, որ գտնում ենք նաև շրջեալ երկ-ու ձևի մէջ. ըստ այսմ կրկին= երկկին (ուր ե յաւելուած է՝ ր-ի պատճա-ռով). տե՛ս և երկու բառի տակ։",armenian_only
ՀԻՐԻԿ,"ՓՈԽ.-Բառիս նշանակութիւնը ճշտելու համար շատ կարևոր է քրդ. Տէրսիմի բար-բառով հիրիկ, որ դնում է Հայաստան, 1917, ն 90 և մեկնում է հյ. «հիրիկ» (երկուսն էլ տպ. հերիկ), առանց ասելու թէ այս բառով ի՛նչ է հասկանում. բայց մանիշակի կող-քին յիշուելուց պէտք է ենթադրել թէ ծաղկի անուն է։",armenian_only
ՀԻՒՂ,= Իբր բնիկ հայ՝ կցւում է խուղ բառի հետ (տե՛ս այս բառը)։,armenian_only
ՃԱԿ,"=Նոյն են վրաց. ჭაკი, ճակի, սվան. ճագ «էգ ձի», կամ նաև ածականաբար վրաց. և մինգ. ჭაკი ცხენი ճակի ցխենի, ինգ. ճակ-ցխեն «էգ ձի». գործածութեան կրկին ձևերը նոյն են հայերէնի հետ. բայց աւելի լաւ է վրաց. მოჭაკე մոճակե «հեշ-տասէր, իգամոլ» (Չուբ. 2 884), որ մեր ճա-կաճան բառի համապատասխանն է։ Բայց այս նմանութիւնները այնպէս են, որ թոյլ չեն տալիս ենթադրել մի կամ միւս կողմից փոխառութիւն, այլ երրորդ մի ընդհանուր աղբիւր, որ թերևս խալդերէնն է։-Աճ.",armenian_only
ՃԻԳՆ,ՓՈԽ.-Ուտ. ճիքնավօր «ճգնաւոր»։,armenian_only
ՄԱՄՈՒԼ,"= Բնիկ հայ բառ. կրկնուած է մուլ ձայն-դարձից, որի վրայ մանրամասն տես մալ։",armenian_only
ՄԱՏԵԱՆ,"-Իրանեան փոխառութիւն է, բայց մայր ձևը աւանդուած չէ։-Հիւբշ. 192։",armenian_only
ՄՈՐ,ՓՈԽ.-Հայերէնից է փոխառեալ ըստ Գ. Ասատուր (անձնական) վրաց. მორიელი մորիելի «կտրիճ»։,armenian_only
ՄՏՐՈՒԿ,ՓՈԽ.-Վրաց. მუტრუკი մուտրուկի «ի-շուկ»։,armenian_only
ՄՐՈՒՐ,"= Բնիկ հայ բառ. կրկնուած է (կրճատ կրկնութեամբ) մուր արմատից. հմմտ. փա-թաթել, պատատել, փոթոթ, աքաղաղ, որոնք կրկնուած են փաթ, պատ, փոթ, քաղ ար-մատներից։",armenian_only
ՇԱՂԱԽ,"= Ծագում է շաղ «թրջել, թացութիւն» ար-մատից, որից շաղել «շաղախել». այս եր-կուսը երբեմն իրար հետ այնքան են միա-նում, որ անկարելի է լինում զանազանել. հմմտ. հներից՝ «Մոխիր հնոցի քացախով շաղախեալ արկին ընդ քիթս նորա» (Ճա-ռընտ.) միջին հյ. շաղղել (իմա՛ շաղաղել) «շաղուել» Վստկ. 157, որ յայտնի չէ թէ շա-ղել բայի՞ց է կազմուած -աղ մասնիկով, թէ շաղախել բայից՝ խ>ղ ձայնափոխութեամբ. նոյնը նաև յաջորդ գաւառականներում։",armenian_only
ՇՌԱՏ,"= Վրաց. შრატიշրատի «պանրից ևամ մած-նից վազած ջուրը»։ Որովհետև հայ բառը շատ ուշ է աւանդուած, խիստ քիչ է գոր-ծածուած և այժմ էլ գոյութիւն ունի միայն Խտջ. գաւառականում, մինչդեռ վրացերէնը կենդանի և շատ սովորական ձև է, ուստի պէտք է կարծել թէ հայերէնը փոխառութիւն է վրացականից։-Աճ.",armenian_only
ՈՒՆՋ,"=Նոյն է վրաց. უნჯი ունջի «գանձ, հա-րըստութիւն», որից უნჯება ունջեբա «դիզել, հարստութիւն հաւաքել», ճիշտ ինչպէս հյ. գանձ-ել. հմմտ. Ամովս Գ. 10. Հռովմ. Բ. 5. որոնց մէջ վրացին ունի ունջեբա, իսկ հայը գանձել։ Զգիտեմ սակայն թէ բառը կապ ու-նի՞ նախորդ ունջ «խորք, յատակ» ձևի հետ. երկուսի միջին կապն է թերևս ներկայաց-նում Վեցօր. «Զցօղ մեղուն քաղեալ և ի խորս մոմակերտ գբոցն յունջս արկեալ համ-բարեալ դնէ». որի մէջ յունջս արկեալ նշա-նակում է «դիզել», բայց ձևով է նախդրիւ հյց. ունջ «խորք» բառի։-Աճ.",armenian_only
ՉԵՉ,"= Նոյն է չանչ բառի հետ և նրա հետ միա-սին փոխառեալ է Կովկասեան լեզուներիս-հմմտ. յատկապէս վրաց. ჭა ճաճա «խա-ղողի կեղևանք», ჩეჩა չեչա «վուշը մաքրել», ნაჩეჩი նաչեչի «վուշի խծուծ»։-Աճ.",armenian_only
ՊՈՒՏ,"= Կարելի էր դնել հյ. պոյտն «պտուկ, պուտուկ, հողէ աման» բառից, յետին հայե-տէնի ոյ>ու ձայնափոխութեամբ ձևացած. իմաստի զարգացման համար հմմտ. արդի գւռ. և միջին հյ. պտուկկոտրուկ, ծափկոտ-րուկ, ամանկոտրուկ հոմանիշները, որոնց վկայութիւնները տե՛ս Նորայր, Բառ. ֆր. էջ 61բ։ Այս բոլորը կապուած են այն նախա-պաշարման հետ թէ ով որ այս ծաղիկը քա-ղէ, տանը բոլոր պտուկները կկոտրին։ Բայց աւելի հաւանական է ընդունիլ թէ նախա-պաշարմունքն է սարքուած անուան վրայից, քան անունը յօրինուած նախապաշարմուն-քից։ Այս պարագային հայերէնից ազդուած պէտք է համարել թրք. չանագ չէօմլէք գըրը-ղը «պուտ ծաղիկը» (գիտէ ՆՀԲ), որ ռառա-ցի նշանակում է «կոտրած աման-չաման»։",armenian_only
ՍԱՐՍԱՓ,"= Կազմուած է կրկնութեամբ սափ «շար-ժիլ, երերալ, դողալ» պարզական արմա-տից, որի այլ կրկնականներն են սօսաւիւն կամ սօսափիւն (տե՛ս անդ)։-Աճ.",armenian_only
ՍՔԻՆՈՍ,= Յն. σχοῖνος նոյն նշ.-Հիւբշ. 518։,armenian_only
ՎՃԻՌՆ,=Vowel word.,short
ՎՈՒ ՎՈՒ,-A vowel word.,short
ՏԱՊԱՍՏ,ՓՈԽ.-Վրաց. ტაბახტი տաբաստի «ա-րիւներթութիւն»։,armenian_only
ՏԱՐՓ,"ՓՈԽ.-Վրաց. თურფა տուրփա «սիրելի, ախորժելի, շնորհալի, սիրուն, նուրբ», ტურ-უა ჭალი տուրփա քալի «նուրբ և սիրուն աղ-ջիկ», ტრუიალი տրփիալի «առփեալ, սիրա-հարեալ, սիրահար» Սղ. բ. 10, ტრუოάა տրփոբա, ტრფიალვბა տրփիալեբա «սէր, սիրահար», ვტრუიალობվտրփիալոր, ვეთრუი վետրփի «սիրահարուիլ, հաճոյքով դիտել». საαრფო սատրփո, სატრფიალო սատրփիալո «սիրուն, հաճելի», სატურუო սատուրփո. სატურუალი սատուրփալի «հաճելի, հաճոյա-կան», დატრფობაդատրփոբա «զմայլիլ, լա-փըշտակուիլ», მეტრუე մետրփե, მოტრფიალე մոտրփիալե «սիրահարեալ»։",armenian_only
ՏԻ,-Մեկնութիւնը տե՛ս տիւ։-Աճ.,armenian_only
ՏԻՏԱՆ,"= Յն. Γιταν յատուկ անունից. սա Ուռա-նոսի և Գէայի որդին էր։ Իբրև յատուկ ա-նուն գործածել են Եւս քր. Խոր. ևն. փխբ. «հսկայք» իմաստով է նաև յն. օί Τιτανες, որից τιτανώδης «տիտանի պէս, կատաղի գեմքով», τιτϰνιϰός «տիտանկան» ևն։",armenian_only
ՏՈՂ,"= Թւում է խալդեան շրջանի բառ. հմմտ. վրաց. ტოლო տոլո, ტოლი տոլի «հաւասար, նման, հասակակից», ტოლობა տոլոբա «հա-սակակցութիւն», ტოლება տոլեբա «բաղդա-տել», ტოლაობა տոլառբա «ձկների կամ ոձերի զուգաւորութիւն», ტოლტოლი տոլտոլի «ճաւասար, հասակակից», უტოლო ուտոլո ռանհաւասար», որոնց նշանակութեան այս-պիսի երանգները թոյլ չեն տալ ընդունելու թէ մին միւսից փոխառեալ է. այլ երկուսն էլ փոխառեալ են միևնոյն աղբիւրից։-Աճ.",armenian_only
ՏՔԱԼ,-vowel word.,short
ՐՈՒՊ,= Համառօտուած է տրուպ բառից՝ ր նա-խատառով բառ ստեղծելու նպատակով՝ տա-ղաչափութեան համար։-Աճ.,armenian_only
ՑԱՆԿ,= Կազմուած է ց նախդիրով անկ արմա-տից. տե՛ս անկ-անիլ։,armenian_only
ՔՈՒՇԱՏ,թիւն»։,short
