title,part_of_speech,definition,current_etymology
աբեղա,noun,"['dialectal forms recorded in dialectological notation.', 'abegha.', '(figuratively) hermit, recluse",
ագաթ,noun,['agate.'],
ադաշ,noun,"['namesake person with the same name as another.', 'namesake (person with the same name as another).",
ազան,noun,"['Islam azan, adhan, a call by the mullah inviting to prayer.', '(Islam) azan, adhan, a call by the ",
ալաճա,adj,"['multi-coloured, piebald.']",
ալոե,noun,"['aloe plant.', 'aloe (plant).']",
ալտ,noun,"['alto voice.', 'alto (voice).', 'alto (singer).', 'viola (musical instrument).']",
ալևոր,adj,"['of a man gray-haired.', '(of a man) gray-haired.', '(figuratively) ancient.', 'old man.']",
ախր,particle,"['Armenian particle.', 'used to express opposition to a remark, often expressing a degree of exasper",
ակ,noun,"['spring, fountain, source of water.', '(botany) bud.', '(dialectal) eye; sight.', '(figuratively) o",
ականջ,noun,"['ear.', '(figuratively) hearing, ability to hear.', '(figuratively) spy, informant.', '(figurativel",
աղանձ,noun,['roasted wheat and other cereals.'],
աղոթք,noun,['prayer.'],
աղջիկ,noun,"['girl, young woman.', 'little girl; girlie.', '(colloquial) daughter.', 'maidservant, housemaid.', ",
աղվես,noun,"['fox.', '(figuratively) cunning person.']",
աղքատ,adj,"['poor, indigent.', 'scant, scanty, poor, pathetic; meagre, wretched.', 'poor man, pauper.']",
աճ,noun,"['increase; rise; growth.', 'development.']",
ամիս,noun,['month.'],
ամուր,adj,"['durable, strong, solid.']",
ան,pron,"['personal he, she.', '(personal) he, she.']",
անգ,noun,"['dialectal handle of a pot.', '(dialectal) handle of a pot.', '(dialectal) ring on the edge of a sa",
անգեղ,adj,"['dated ugly, deformed.', '(dated) ugly, deformed.']",
անել,verb,['to do.'],
անիծ,noun,"['nit, louse egg.']",
անկախ,adj,['independent.'],
անհամ,adj,"['tasteless.', '(figuratively) banal, insipid.']",
անձավ,noun,['cave.'],
անձրև,noun,['rain.'],
անճար,adj,"['helpless, poor, wretched.', 'useless, inept.', '(dialectal) incurable, remediless.', 'wretch.', 'o",
անոթի,adj,"['hungry.', '(figuratively) poor, destitute.', 'on an empty stomach.']",
անութ,noun,['armpit.'],
անուն,noun,"['name.', 'given name, first name.', 'title, denomination.', 'prestige.']",
անուշ,adj,"['sweet.', 'pleasant, agreeable.']",
անուր,noun,"['collar for animals.', 'collar (for animals).', '(figuratively) oppression, yoke.']",
անվախ,adj,"['fearless.', 'fearlessly.']",
անտեր,adj,"[""ownerless, no man's; unattended; abandoned."", '(colloquial) damned, darned.']",
աչք,noun,['eye.'],
ապիկի,noun,"['glass vessel.', 'cupping glass.', 'varnish.', 'glass, made of glass.', 'Alternative of ապակի.', 'r",
ապուր,noun,['soup.'],
ապտակ,noun,['slap in the face.'],
առիք,noun,"['dialectal forms recorded in dialectological notation.', '(dialectal) ceiling.']",
առնետ,noun,['rat.'],
առտու,adv,"['Western Armenian in the morning.', '(Western Armenian) in the morning.', '(Western Armenian) morni",
ասեղ,noun,['needle.'],
աստղ,noun,"['star.', 'celebrity, star.']",
ավազ,noun,['sand.'],
ավաղ,intj,"['alas!', 'alas! (used to express sorrow, regret, or grief).']",
ավան,noun,['small town.'],
ավել,noun,"['broom, besom.']",
ավլել,verb,"['transitive to sweep.', '(transitive) to sweep (with a broom).']",
ատամ,noun,"['tooth.', '(technology) cog.', 'prong.', 'merlon.']",
ատել,verb,['to hate.'],
ատկատ,noun,"['informal kickback clandestine payment in return for a favor.', '(informal) kickback (clandestine p",
ատյան,noun,"['place of assembly hall, square.', 'place of assembly (hall, square).', 'meeting of an assembly.', ",
արաց,noun,"['historical, sometimes, capitalized the sixth month of the.', '(historical, sometimes capitalized) ",
արծիվ,noun,['eagle.'],
արծվի,noun,"['alternative form of արծիվ.', 'archaic form of արծիվ (arciv).']",
արմո,noun,"['Internet slang, derogatory a diasporoid Armenian usually from a Western country.', '(Internet slan",
արոս,noun,['field that is left uncultivated for 5-6 years for strengthening.'],
արոր,noun,['plough.'],
արքա,noun,"['king, monarch.', '(chess) king.']",
արև,noun,"['the sun.', 'sunlight.', '(figuratively) life.']",
ափսե,noun,"['Eastern Armenian plate.', '(Eastern Armenian) plate.', '(Western Armenian) tray.']",
աքիս,noun,"['weasel, least weasel <ref></ref>.', 'weasel, least weasel (Mustela nivalis).']",
բագին,noun,"['altar pagan.', 'altar (pagan).', 'pagan shrine, pagan temple.']",
բազի,adj,"['certain, some, a kind of.', 'sometimes, from time to time, occasionally.']",
բակլա,noun,"['broad bean, <ref></ref>.', 'broad bean, Vicia faba.']",
բանան,noun,"['banana fruit.', 'banana (fruit).']",
բանել,verb,"['intransitive to work, operate, function.', '(intransitive) to work, operate, function.']",
բանկա,noun,"['glass jar.', 'cupping jar.']",
բաննա,noun,['bricklayer.'],
բառ,noun,['word.'],
բառիգ,noun,['drug dealer.'],
բավիղ,noun,['labyrinth.'],
բարի,adj,"['kind, kind-hearted, good-natured, good.', 'good.', 'all right!, very well!, agreed!, OK.']",
բարկ,adj,"['scorching, burning hot.', '(of alcohol) strong.', 'bitter.']",
բարոն,noun,['baron.'],
բարտի,adj,"[', considers the origin unknown and derives the descendants of from Armenian.', '(Western Armenian)",
բացել,verb,['to open.'],
բեհեզ,noun,"['byssus, fine linen.']",
բեյթ,noun,"['couplet, a verse of poetry consisting of two lines.']",
բեռ,noun,"['burden; load; freight; cargo, lading.', '(figuratively) burden.']",
բերան,noun,"['mouth.', '(figuratively) opening, entrance, aperture, outlet.', '(figuratively) mouth (of a river)",
բերել,verb,"['to bring, to fetch.']",
բիբ,noun,"['pupil of the eye.', 'pupil (of the eye).']",
բիբար,noun,"['pepper plant of the family.', 'pepper (plant of the family Piperaceae).', 'pepper (plant of the ge",
բիզ,adj,"['awl.', 'pointed, sharp.']",
բիլակ,noun,"['dialectal wrist.', '(dialectal) wrist.', '(dialectal, figuratively) strength, power.']",
բլյատ,intj,"['vulgar, slang, Eastern Armenian fuck, fucking hell, bloody hell .', '(vulgar, slang, Eastern Armen",
բլոգ,noun,['blog.'],
բլուր,noun,['hill.'],
բղուղ,noun,"['an earthenware jar for holding pickles, oil, milk, matzoon, etc.']",
բողկ,noun,['radish.'],
բոմժ,noun,"['tramp, bum, hobo, slacker, homeless person.', '(figuratively) poorly dressed person.']",
բովել,verb,"['transitive to roast.', '(transitive) to roast.']",
բորշ,noun,['borscht.'],
բորոտ,adj,"['leprous.', 'scabby, itchy.']",
բոց,adj,"['flames, blaze, fire.', '(figuratively) passion, ardor, fervor.', '(slang) amusing thing, joke.', '",
բուրգ,noun,['pyramid.'],
բռնել,verb,"['to hold.', 'to catch.', 'to arrest.', 'to occupy.', 'to cover, to embrace.']",
բրոմ,noun,['bromine.'],
բրոշ,noun,['brooch.'],
բևեռ,noun,"['geography pole.', '(geography) pole.', '(physics, electricity) pole.', '(archaic) nail.']",
գագաթ,noun,"['top, apex, summit, crest, peak.', 'culmination point, height, summit, climax, peak.', '(geometry) ",
գազոն,noun,['lawn.'],
գաթա,noun,"['dialectal forms recorded in dialectological notation.', 'gata.']",
գայկա,noun,"['nut fastener.', 'nut (fastener).']",
գայռ,noun,"['archaic foul-smelling mud, scum, mire, filth.', '(archaic) foul-smelling mud, scum, mire, filth.']",
գանգ,noun,"['considers this an inheritance from , the zero-grade of , whence , , , and possibly.', 'skull, cran",
գանձ,noun,"['treasure, riches.']",
գառ,noun,"['<ref></ref><ref></ref><ref></ref><ref></ref>.', 'lamb.']",
գավակ,noun,"['rump, croup of a horse.', 'rump, croup (of a horse).']",
գել,adj,"['dialectal alternative form of գայլ.', '(dialectal) alternative form of գայլ (gayl).', 'tight, stif",
գեղմ,noun,"['archaic fleece, wool.', '(archaic) fleece, wool.']",
գեջ,adj,"['moist, humid.', 'dirty.', '(of plants) green, fresh.']",
գետին,noun,"['ground, earth, soil.']",
գիլաս,noun,"['dialectal sweet cherry fruit.', '(dialectal) sweet cherry (fruit).']",
գիծ,noun,"['dialectal forms recorded in dialectological notation<ref></ref>.', 'line.']",
գիտեմ,verb,['I know.'],
գիրգ,adj,"['plump, delicate, soft, tender.']",
գիրկ,noun,"['arms, lap, bosom.']",
գյոզ,noun,"['dialectal, colloquial eye.', '(dialectal, colloquial) eye.']",
գյոռ,noun,"['Muslim grave.', '(derogatory, offensive) any grave.']",
գոգ,noun,"['lap.', 'hollow, depression in the earth.', 'lap, hem (of clothes).']",
գոմեշ,noun,['buffalo.'],
գոտի,noun,"['belt, girdle; sash, waistband.', '(geography) zone, belt.', 'zone (a given area distinguished on t",
գութ,noun,"['<ref name=""HAB""></ref>.', 'pity, compassion.']",
գուռ,noun,"['abreuvoir, watering trough for people or animals.', 'abreuvoir, watering trough (for people or ani",
գրավ,noun,"['pledge, security, surety.', 'deposit, prepayment.', '(archaic) wager.']",
գրել,verb,['to write.'],
գրենա,noun,['grain; silkworm eggs.'],
գրիժա,noun,['synonym of ճողվածք (čoġvackʻ).'],
գրկել,verb,"['to embrace, hug.']",
դանակ,noun,['knife.'],
դաշտ,noun,"['field.', '(sports) playing field, sports ground.', '(physics) field.', 'field, sphere.']",
դաչա,noun,['dacha.'],
դատել,verb,"['to judge, to try, to adjudicate.', 'to judge (to form an opinion on), to draw a conclusion, to app",
դեբիլ,adj,"['moron, imbecile, idiot.', 'stupid; moronic, idiotic.']",
դեպք,noun,"['incident, event, occurrence.', 'condition, circumstance.', '(archaic) occasion.']",
դետ,noun,"['patrol, watch.', 'scout, sentinel.', '(dated) lookout-place, peak, height.', 'spy.']",
դզել,verb,"['colloquial to straighten, to correct.', '(colloquial) to straighten, to correct.', '(colloquial) t",
դիել,verb,"['intransitive to suck, to drink mother’s milk.', '(intransitive) to suck, to drink mother’s milk.',",
դիետա,noun,"['diet food a person or animal consumes.', 'diet (food a person or animal consumes).', 'diet (contro",
դիտակ,noun,"['the generic name of various optical instruments used for viewing distant objects.', '(dated) watch",
դլփին,noun,"['Alternative of դելփին.', 'rare form of դելֆին (delfin).']",
դնել,verb,"['to put, to lay.', 'to impose, to inflict.', 'to insert, to put in.', 'to put on (hat, glasses, etc",
դոն,noun,"['dialectal kind of longish bread.', '(dialectal) kind of longish bread.']",
դոշ,noun,"['breast.', 'chest.', 'brisket.']",
դույլ,noun,"['bucket, pail.']",
դույն,pron,['that same.'],
դուրգ,noun,"[""potter's wheel.""]",
դուք,,['personal you plural.'],
դուք,,['personal you plural.'],
դրժել,verb,"[""transitive to break one's word, to violate an oath."", ""(transitive) to break one's word, to violat",
դրվագ,noun,"['ornament, adornment, decoration.', 'embroidery, trimming, needlework.', 'incrustation, encrustatio",
եզակի,adj,"['grammar singular.', '(grammar) singular.', 'singular, unique, one of a kind.']",
եթիմ,adj,"['orphan.', 'orphaned.']",
ելմակ,noun,"['Western Armenian, rare email.', '(Western Armenian, rare) email.']",
եղինջ,noun,['nettle.'],
եղյամ,noun,"['frost, hoarfrost, rime.', '(figuratively) white hair on the head, hoar.']",
եմիշ,noun,"['melon.', 'melon (Cucumis melo).', 'fruit.']",
եվրեյ,noun,['Jew.'],
ետև,adv,"['back.', 'behind.', 'after.', 'the backside, the rear part.', '(euphemistic) butt.']",Etymology needs research - no usable data found
երազ,noun,"['dream imaginary events seen while sleeping.', 'dream (imaginary events seen while sleeping).']",
երե,noun,['herbivorous game animal.'],
երթալ,verb,"['dialectal, or, Western Armenian to go.', '(dialectal or Western Armenian) to go.']",
երկիր,noun,"['country, state.', 'land, territory.']",
երևալ,verb,"['to appear.', 'to emerge, to come out.', 'to be published.']",
զագառ,noun,"['tan, suntan.']",
զալ,noun,"['hall.', 'living room.', 'clipping of սպորտզալ (sportzal, “gym”).']",
զգալ,verb,"['to feel, to sense.', 'to be aware.', 'to foresee, to expect.', 'to feel, to nourish, to entertain.",
զեղխ,adj,"['literary intemperate, lewd, debauched, dissolute.', '(literary) intemperate, lewd, debauched, diss",
զեղչ,noun,['discount.'],
զենք,noun,"['arm, weapon.']",
զիբիլ,adj,"['colloquial litter, rubbish, garbage, trash.', '(colloquial) litter, rubbish, garbage, trash.', '(c",
զղջալ,verb,"['intransitive to regret, to be sorry.', '(intransitive) to regret, to be sorry.', '(theology) to re",
զոբ,noun,['goitre/goiter.'],
զոդել,verb,"['to join two things together.', '(technology) to solder.', '(technology) to weld.']",
զոնա,noun,"['zone various senses.', 'zone (various senses).', '(slang) prison.']",
զոռ,adj,"['colloquial, dialectal force, power, strength.', '(colloquial, dialectal) force, power, strength.',",
զոր,adj,"['rare strength, vigour, force.', '(rare) strength, vigour, force.', 'rare form of զորք (zorkʻ).', '",
զուսպ,adj,"['restrained, moderate.']",
զուտ,adj,"['pure, unmixed.', 'net.', 'purely; exclusively; solely.']",
զրո,numeral,['zero.'],
էգուց,adv,"['colloquial, dialectal tomorrow.', '(colloquial, dialectal) tomorrow.']",
էլիպս,noun,"['geometry ellipse.', '(geometry) ellipse.']",
էծ,noun,"['alternative form of այծ.', 'dialectal and colloquial form of այծ (ayc).']",
էկրան,noun,['screen.'],
էն,pron,"['alternative form of այն.', 'dialectal and colloquial form of այն (ayn).']",
էշ,noun,"['donkey, ass.', '(figuratively) ass, jackass; idiot, dumb-ass, fool, blockhead, clot, dimwit.']",
էսման,adv,"['so, this way.']",
էսսե,noun,['essay.'],
էրիկ,noun,"['dialectal husband.', '(dialectal) husband.', '(dialectal) man.']",
ըդման,adv,"['so, this way.']",
ըմբիշ,noun,['wrestler.'],
ըմպել,verb,"['literary to imbibe, to drink.', '(literary) to imbibe, to drink.']",
ընկեր,noun,"['friend usually male.', 'friend (usually male).', '(communism) comrade (form of address).', 'form o",
թակ,noun,"['mallet; beetle.', 'doorknocker.', 'knock, tap.']",
թամահ,adj,"['greed, avarice, insatiable desire.', 'longing for, yearning for, lacking.']",
թանալ,verb,"['obsolete, transitive to wet, to moisten.', '(obsolete, transitive) to wet, to moisten.']",
թարաֆ,noun,"['side, direction.', 'side (one party in a dispute).']",
թափել,verb,"['transitive to empty, to pour out; to spill by accident.', '(transitive) to empty, to pour out; to ",
թե,conj,"['that.', 'or.', 'if.', 'so that, in order to.', '(when repeated) as well as, both ... and ...', '(H",
թենիս,noun,['tennis.'],
թերթ,noun,"['petal.', 'leaf.', 'sheet.', 'newspaper.']",
թեք,adj,"['sloping, tilted, inclined, slanting.', '(grammar) inflected.']",
թթվել,verb,"['to turn sour.', '(colloquial) to feel depressed, to mope (around), to languish.']",
թի,noun,"['wooden shovel.', 'oar.']",
թիակ,noun,"['anatomy shoulder blade, scapula, shoulder bone.', 'diminutive of թի (tʻi).', '(anatomy) shoulder b",
թիթեղ,noun,"['thin sheet of metal; tin, tin plate.']",
թիթեռ,noun,['butterfly.'],
թիմ,noun,"['team group of people.', 'team (group of people).']",
թիս,noun,"['vulgar quiet fart.', '(vulgar) quiet fart.']",
թիվ,noun,"['number.', 'quantity, number.', 'year; date.', '(grammar) number.']",
թոխի,noun,"['hoe tool for working the soil.', 'hoe (tool for working the soil).']",
թումբ,noun,"['embankment, dyke; mound.', 'garden bed.', 'hillock.']",
թույլ,adj,['weak.'],
թույն,adj,"['poison; venom.', '(slang) cool, awesome, funky.']",
թունա,noun,"['tuna fish.', 'tuna (fish).']",
թուր,noun,['sword.'],
թուրք,noun,"['Turk a person from Turkey or of Turkish ethnic descent.', 'Turk (a person from Turkey or of Turkis",
թսել,verb,"['informal to fart quietly.', '(vulgar) to fart (quietly).']",
թվանք,noun,"['<ref></ref>.', '(dialectal) handgun, rifle.']",
թրծել,verb,"['to burn bricks or pots of clay in order to harden them, to fire.', '(figuratively) to harden.']",
թրև,noun,"['only used in թրեւ գալ (tʻrew gal).', 'only used in թրեւ ածել (tʻrew acel).', 'only used in թրեւ տա",
թև,noun,"['wing.', 'arm of a human.', 'fin of a fish.', '(military) wing, flank.', '(politics) wing.', 'side.",
ժայռ,noun,"['cliff, rock, crag.']",
ժեստ,noun,"['gesture.', 'gesture (communicative motion of the limbs or body).', '(figuratively) gesture (act or",
ժխտել,verb,"['transitive to deny.', '(transitive) to deny.']",
ի դեպ,,['by the way.'],
ինը,numeral,['nine.'],
ինչ,conj,"['what? (interrogative pronoun).', 'what (indefinite pronoun).', 'something, some kind of thing, wha",
իջնել,verb,"['intransitive to descend, to come down.', '(intransitive) to descend, to come down.']",
լայն,adj,"['wide, broad.']",
լար,noun,"['rope, rein, cable, cord, string.', '(geometry) chord.', '(Lori, Ghazakh, Karabakh) long and narrow",
լաց,noun,"['crying, weeping.']",
լացել,verb,"['to weep, to cry.', 'perfective converb of լալ (lal).']",
լափել,verb,"['transitive to lap up, to lick up.', '(transitive) to lap up, to lick up.', '(transitive) to eat up",
լեպ,noun,"['dialectal, Karabakh a layer of dirt formed on the tongue because of illness.', '(dialectal, Karaba",
լեռ,noun,"['mountain, mount.', '(dialectal) hard stone.']",
լիքը,adj,"['full.', 'fat, plump.', '(colloquial) many, a lot of.']",
լիֆտ,noun,"['colloquial elevator, lift.', '(colloquial) elevator, lift.']",
լող,noun,['swimming.'],
լոմ,noun,['crowbar.'],
լույծ,adj,['watery.'],
լույս,noun,"['light.', 'dawn, daybreak.', '(colloquial) electricity, power.']",
խազ,noun,"[', argues for an borrowing, ultimately going back to , sigmatic aorist of ; compare , .', 'line; no",
խազել,verb,['to draw a line; to scratch.'],
խալխ,noun,"['people.', 'crowd, multitude (mixed crowd).', 'others, other people who are not relatives, stranger",
խակ,adj,"['Kurdish:.', 'unripe.', '(figuratively, of a person) unfledged, callow, young; immature, childish, ",
խահ,noun,"['archaic food, victuals.', '(archaic) food, victuals.']",
խաղ,noun,"['game, play.', '(theater, film) acting, performing.', '(dialectal) song, tune.', 'dance.', 'prank; ",
խաղաղ,adj,"['peaceful.', 'quiet.']",
խաշար,noun,"['pole, stick for supporting.', 'pole, stick for supporting climbing plants.']",
խաչ,noun,"['cross geometrical figure.', 'cross (geometrical figure).', '(Christianity) the cross.', '(figurati",
խավար,adj,"['dark, darkness.', '(figuratively) ignorance.', 'dark, obscure, gloomy.', '(figuratively) ignorant.",
խարզա,noun,"['yellow-throated marten.', 'yellow-throated marten (Martes flavigula).']",
խելառ,,"['crazy, insane, mad, demented.']",
խեղճ,adj,"['pitiful, wretched, deserving pity.', 'poor.', '(figurative) clumsy, weak, powerless, inept.']",
խենթ,adj,"['<ref></ref>.', 'crazy, mad, foolish.']",
խերխի,noun,['a kind of larger saw for cutting logs into boards.'],
խիթալ,verb,"['to fear, to be afraid of.', 'to doubt, to suspect, to disbelieve, to distrust.', 'to look at with ",
խլել,verb,"['transitive to seize, snatch, steal, take away.', '(transitive) to seize, snatch, steal, take away.",
խմել,verb,"['to drink.', 'to get drunk, to grow tipsy.', 'to swallow (a pill).']",
խնդալ,verb,['to laugh.'],
խոկ,noun,['thought.'],
խոշ,adj,"['nice, pleasant, pleasing.']",
խոսել,verb,"['to speak.', 'to talk.']",
խոսք,noun,"['speech.', 'word.', 'talk, conversation.', 'word, promise.', '(in the plural) lyrics of a song.']",
խորդ,noun,"['archaic.', '(archaic) synonym of կռունկ (kṙunk).']",
խորթ,adj,"['unrelated, step.', 'unrelated, step-.', 'alien, foreign.', '(dialectal) orphan.', '(dialectal) cou",
խուփ,adj,"['lid, cover of a jar, vessel, container.', 'lid, cover (of a jar, vessel, container).', 'closed, sh",
խռիվ,adj,"['brushwood.', '(of hair) tousled, disheveled, untidy.', 'confused, disorderly.']",
խռուկ,noun,"[', offers a fanciful etymology.', 'whitetop (Lepidium draba) or clasping pepperweed (Lepidium perfo",
խռպոտ,adj,"['of a voice hoarse, raucous.', '(of a voice) hoarse, raucous.']",
խրոխտ,adj,"[', connecting with the family of , which is from.', 'proud, pleased, satisfied (with oneself).', 'b",
ծագ,noun,"['extremity, end, top.']",
ծամել,verb,"['to chew.', '(figuratively) to crumble.', '(figuratively) to repeat something with tiresome monoton",
ծարավ,adj,['thirsty.'],
ծեծել,verb,"['to beat; to whip, lash; to thrash.', 'to pound, to grind.', 'to forge.', 'to knock on (door).']",
ծես,noun,"['ritual, rite, ceremony.']",
ծերտ,noun,"['poop, dung, dropping of birds.', 'poop, dung, dropping (of birds).', '(Kharberd) rheum, sleep, eye",
ծին,noun,"['the act of giving birth, delivery of animals.', 'the act of giving birth, delivery (of animals).',",
ծնոտ,noun,['jaw.'],
ծունկ,noun,"['knee.', ""name for one of the khazes in Hampartsoum Limondjian's notation, indicating a note one ei",
ծռել,verb,"['transitive to bend, to curve.', '(transitive) to bend, to curve.']",
ծփալ,verb,"['intransitive to sway, to wave, to flutter, to undulate.', '(intransitive) to sway, to wave, to flu",
կաթել,verb,"['intransitive to drip, to fall one drop at a time.', '(intransitive) to drip, to fall one drop at a",
կախել,verb,"['transitive to hang.', '(transitive) to hang.']",
կակաո,noun,"['cacao tree.', 'cacao tree (Theobroma cacao).', 'cocoa (hot drink).']",
կաղնի,noun,"[', recorded as kagni.', 'oak, Quercus.']",
կամել,verb,"['dated alternative form of կամենալ.', '(dated) alternative form of կամենալ (kamenal).']",
կամք,noun,"['will.', 'wish, desire.', 'desire, drive, determination.', 'goodwill, benevolence, grace.', 'intent",
կանաչ,adj,"['green.', 'verdant.', 'green (color).', 'verdure.']",
կավառ,noun,"['narrow brook, canal.', 'the point on a canal, whence the water is separated and directed towards t",
կարամ,verb,"['colloquial, Eastern can, to be able to.', '(colloquial, Eastern Armenian) can, to be able to.']",
կարիչ,noun,['stapler.'],
կեղ,noun,"['medicine ulcer, sore.', '(medicine) ulcer, sore.', 'scab.', '(figuratively) sore, evil, pest.']",
կեպկա,noun,"['soft, billed hat (usually for a male).']",
կեռ,adj,"['curved, crooked.', 'hook, crook.']",
կզակ,noun,"['dialectal forms recorded in dialectological notation.', 'chin.', '(dialectal, Vozm) soft palate, v",
կթխա,noun,"['glass, cup, especially a small glass for liquor, a рюмка.', 'glass, cup, especially a small glass ",
կիլո,noun,"['colloquial kilogram, kilo.', '(colloquial) kilogram, kilo.']",
կիճ,noun,"['dialectal the sting of scorpions, bees, serpents, etc.', '(dialectal) the sting of scorpions, bees",
կիմչի,noun,['kimchi.'],
կինճ,noun,"['wild boar, <ref></ref>.', 'wild boar, Sus scrofa.']",
կիսել,verb,"['to halve, to divide.', 'to share, to split (with somebody).']",
կիվի,noun,['kiwi fruit.'],
կլիր,noun,"['dialectal forms recorded in dialectological notation.', '(vulgar, taboo) dick, cock, penis.']",
կծել,verb,"['to bite.', 'to bite off.', 'to tingle, to prick.', 'to sting.']",
կնձնի,noun,"['elm (any tree of the genus ).', 'elm (any tree of the genus Ulmus).']",
կնքել,verb,"['to seal, to affix a seal.', 'to seal up, to close.', 'to conclude, to confirm.', 'to conclude, to ",
կոլա,noun,"['informal Coca-Cola.', '(informal) Coca-Cola.', '(rare) cola (any cola-based soft drink).']",
կոլաժ,noun,['collage.'],
կոխել,verb,"['to trample, to tread.', '(colloquial) to plunge, to shove into, to insert.', '(slang, vulgar) to f",
կոճղ,noun,"['tree stump, stub.', 'block, log, large piece of wood.', 'stocks (punishment device).']",
կոմոդ,noun,"['chest of drawers, bureau, dresser, commode.']",
կոշիկ,noun,['shoe.'],
կով,noun,['cow.'],
կոտեմ,noun,"['dialectal forms recorded in dialectological notation<ref></ref>.', 'peppergrass, pepperwort, Lepid",
կոտոր,adj,"['rare morsel, piece, fragment.', '(rare) morsel, piece, fragment.', 'broken.']",
կռիշ,noun,"['roof.', '(slang) protection; someone who provides protection in a protection racket.']",
կռիս,noun,"['rat.', '(figuratively, derogatory) mean, base, roguish person, scoundrel.']",
կռուփ,noun,['fist.'],
կտղել,verb,"['of animals to rut, to be in heat to burn with sexual desire.', '(of animals) to rut, to be in heat",
կտուց,noun,"[', tentatively compares to and suspects a borrowing; for this word see.', 'beak, bill.']",
կրել,verb,"['to carry; to transport; to bear (to carry or have within oneself).', '(figuratively) to take on, t",
կցել,verb,"['to join, to unite.', 'to attach; to annex; to enclose.']",
հազել,verb,"['transitive, literary to immolate, offer up, sacrifice to idols.', '(transitive, literary) to immol",
հալալ,adj,"['honest, righteous, just.', 'directly related by blood, own.', 'exactly, precisely.']",
հալավ,noun,"['garment.', 'undergarment, tunic.', 'wedding dress.', 'the clothes brought by the bride as a dowry.",
հալվե,noun,"['aloe plant.', 'aloe (plant).', 'aloeswood, agarwood, agalloch.']",
հաղթ,adj,"['strong; powerful, mighty.', 'victorious.', '(proscribed) victory.']",
հաճո,adj,"['archaic pleasant, pleasing (to), agreeable.', '(archaic) pleasant, pleasing (to), agreeable.']",
համր,adj,"['dumb, speechless, mute.', 'silent, without sound.', 'dumb, speechless, mute person.']",
համք,noun,"['rare sexual organ.', '(rare) sexual organ.']",
հայտէ,intj,"[""dialectal come on!, let's go! (urging to move or act)."", ""(dialectal) come on!, let's go! (urging ",
հանել,verb,"['to pull out, to extract.', 'to take off a cloth.', 'to remove, to displace.', 'to withdraw.', '(ar",
հաշիվ,noun,"['reckoning; computation; calculation; enumeration; account.', '(accounting) account (a registry of ",
հաչել,verb,"['of a dog to bark.', '(of a dog) to bark.']",
հավա,noun,['weather.'],
հավաք,adj,"['gathering, assembly.', 'gathered, assembled.', '(figuratively) precise, accurate, self-disciplined",
հավետ,adj,"['constantly, perpetually, forever.', 'always, constant, perpetual.']",
հատ,noun,"['piece.', 'grain, seed.']",
հատիկ,noun,"['grain.', 'granule.']",
հատոր,noun,"['volume, tome of a series of books, periodicals.', 'volume, tome (of a series of books, periodicals",
հարամ,adj,"['religion profane, forbidden (according to religious precepts).', '(religion) profane, forbidden (a",
հարավ,noun,['south.'],
հարթ,adj,"['smooth, even.', 'flat.', 'sleek.', '(rare) lowland, plain.']",
հարս,noun,"['fiancée.', 'bride.', 'a newlywed woman.', ""daughter-in-law, sister-in-law (the woman in relation t",
հարց,noun,"['question.', 'question, issue; problem.', 'matter (of), question (of).']",
հաց,noun,"['bread.', '(by extension) meal, food, table.', '(figuratively) living, means of subsistence.', 'hon",
հեն,noun,"['robber, brigand.', 'band of robbers, gang of brigands.']",
հենց,adv,"['right, very, precisely, exactly.', 'only, just, alone.', 'dialectal form of այնպես (aynpes).']",
հեշտ,adj,"['easy, not hard, light.']",
հեռել,verb,"['transitive, archaic to set, to mount, to enchase, to stud; to fit in.', '(transitive, archaic) to ",
հերթ,noun,"[', derives from.', 'turn.', '(games) turn, move.', 'queue, line.']",
հերիք,adv,['enough.'],
հերկ,noun,"['ploughing, tillage, tilth.', 'ploughed land left fallow.']",
հիմք,noun,"['Kurdish:.', 'base; basis; foundation.', 'grounds, reason.', '(construction) foundation, base.', '(",
հինգ,numeral,['five.'],
հինդի,noun,"['Hindi language.', 'Hindi (language).']",
հիրել,verb,"['archaic to join together.', '(archaic) to join together.', '(archaic) to stretch out, to hold out.",
հղի,adj,"['pregnant also figuratively.', 'pregnant (also figuratively).']",
հյուր,noun,"['guest, visitor.']",
հնոց,noun,['furnace.'],
հոգալ,verb,['to take care (of).'],
հոսել,verb,"['intransitive to flow.', '(intransitive) to flow.']",
հոսք,noun,"['flow, stream.']",
հովազ,noun,"['leopard.', 'leopard, Panthera pardus.']",
հորթ,noun,['calf.'],
հպարտ,adj,['proud.'],
հսկա,adj,"['giant.', '(figuratively) very big person.', 'gigantic, giant.']",
հստակ,adj,"['clean, clear, serene.', 'limpid, lucid, unclouded.', 'certain, sure.', '(figuratively, of a sound ",
ձավար,noun,"['Kurdish:.', 'cracked wheat groats (raw or cooked).']",
ձգտան,noun,"['.ogg|a=Eastern Armenian}}.', 'tendon, sinew.']",
ձեռ,noun,"['colloquial, dialectal alternative form of ձեռք.', '(colloquial, dialectal) alternative form of ձեռ",
ձմեռ,noun,['winter.'],
ձյութ,noun,"['pitch a dark, extremely viscous material remaining in still after distilling crude oil and tar.', ",
ձուկ,noun,"['fish.', '(anatomy) calf muscle (triceps surae).', '(dialectal) a lightning flashing far on the hor",
ձև,noun,"['form; shape; pattern.', 'way, method.', '(grammar) form.']",
ղամիշ,noun,"['reed.', '(figurative, vulgar) dick, cock (penis).']",
ղայիշ,noun,"['leather belt.', 'thong, strip of leather.']",
ղավ,noun,"['tinder, touchwood.']",
ղափաղ,noun,"['lid, cover.']",
ղրկել,verb,"['alternative form of ուղարկել.', 'Western Armenian and dialectal form of ուղարկել (uġarkel).']",
ճահիճ,noun,"['swamp, marsh.', '(figuratively) stagnation.']",
ճարել,verb,"['to procure, obtain, get usually with difficulty.', 'to procure, obtain, get (usually with difficul",
ճաքել,verb,"['intransitive to crack, to split.', '(intransitive) to crack, to split.', '(intransitive, slang) to",
ճեմել,verb,"['to stroll, to saunter.']",
ճիշդ,adj,"['Western Armenian alternative form of ճիշտ.', '(Western Armenian) alternative form of ճիշտ (čišt).'",
ճռել,adj,"[', incorrectly glossing as “naive” and unaware of the origin.', '(of eyes) multicolored and with wh",
ճփնի,noun,"['Based on the attestation in Galen, some sources identify with camomile.<ref></ref><ref></ref><ref>",
մաթեմ,noun,"['slang mathematics as a school subject.', '(slang) mathematics (as a school subject).']",
մական,noun,"['staff, stick, baton.', 'sceptre.', '(sports) hockey stick.']",
ման,noun,"['spinning the process of converting fibres into yarn or thread.', 'spinning (the process of convert",
մանաթ,noun,"['manat currency of Azerbaijan.', 'manat (currency of Azerbaijan).']",
մանգո,noun,"['mango fruit.', 'mango (fruit).']",
մանթի,noun,['manti.'],
մաս,noun,"['part, piece; bit, morsel.', 'share, lot, portion.', '(Christianity) holy or hallowed bread, commun",
մասկա,noun,['mask.'],
մասոն,noun,['Freemason.'],
մարգ,noun,"['meadow, field.', 'plot, bed (in a garden).']",
մաքոք,noun,"[""weaver's shuttle.""]",
մեբել,noun,['furniture.'],
մեգ,noun,"['fog, haze.']",
մեղեխ,noun,"['archaic, literary handle of an axe, adze or a similar tool.', '(archaic, literary) handle of an ax",
մեղու,noun,['bee.'],
մեղր,noun,['honey.'],
մենթ,noun,"['slang, Eastern Armenian cop, policeman.', '(slang, Eastern Armenian) cop, policeman.']",
մեշոկ,noun,"['colloquial, proscribed sack large bag for storage and handling.', '(colloquial, proscribed) sack (",
մեջ,noun,"['in, inside.', 'among, amid.', 'the inside.']",
մետրո,noun,"['underground, subway, metro.']",
մերձ,adj,"['near, close.']",
մթար,adj,"['dark.', 'filth, dirt.']",
մինչև,prep,"['as far as, till, until, to.']",
միս,noun,"['meat; flesh.', '(figuratively) pulp (of the fruits).']",
միրգ,noun,['fruit.'],
մխալ,verb,"['intransitive to give off smoke, to emit smoke.', '(intransitive) to give off smoke, to emit smoke.",
մխել,verb,"['transitive to drive in, thrust, force into.', '(transitive) to drive in, thrust, force into.', '(t",
մոդա,noun,['fashion.'],
մոդել,noun,"['model various senses.', 'model (various senses).']",
մոզգ,noun,['brainiac.'],
մոտ,adj,"['close to, near, by.', 'close, near, by.', '(with genitive articles) on, with, to.', 'close, famili",
մոտիկ,adj,"['close, near.', 'synonym of մոտ (mot).']",
մոտիվ,noun,"['motive, reason.', '(music) motif.']",
մութ,adj,"['dark; unlit.', '(figuratively) incomprehensible, unknowable; doubtful, uncertain.', '(figuratively",
մուկ,noun,"['dialectal forms recorded in dialectological notation.', 'mouse.']",
յաման,adj,['bad.'],
յան,noun,['side.'],
յասախ,noun,"['dialectal prohibition, ban; attributively prohibited.', '(dialectal) prohibition, ban; (attributiv",
յուղ,noun,['oil.'],
նայել,verb,"['intransitive to look.', '(intransitive) to look (at).']",
նաֆար,noun,"['soul, person in counting people.', 'soul, person (in counting people).']",
նաև,conj,"['also, too, as well.', 'including.']",
նեգր,noun,"['black person a person with black skin and of sub-Saharan African descent.', 'black person (a perso",
նեղ,adj,"['narrow.', '(of clothes) tight.']",
նետել,verb,"['transitive to throw, to cast.', '(transitive) to throw, to cast.']",
ներգո,adj,"['internal.', '(philosophy) immanent.']",
ներկ,noun,['paint; dye.'],
ներց,noun,"['rare European mink.', '(rare) European mink, Mustela lutreola.']",
նինջ,noun,"['light sleep, slumber, dozing.', 'sleep.']",
նյարդ,noun,['nerve.'],
ննջել,verb,"['to slumber, doze.', 'to sleep.']",
նշան,noun,"['sign, mark.', 'badge.', 'target, mark.', 'signal, indicator.', 'sign (of the hand, head, or other ",
նոճի,noun,['cypress.'],
նոպա,noun,"['medicine fit, attack.', '(medicine) fit, attack.']",
նուռ,noun,"['pomegranate fruit.', 'pomegranate (fruit).']",
նպար,noun,"['victuals, groceries.']",
նռնակ,noun,"['grenade, hand grenade.']",
նվագ,noun,"['the playing of a musical instrument.', 'melody, tune.', 'an instance or occurrence, time.']",
շաշ,adj,"['squint-eyed, cross-eyed.', 'crazy, nuts, foolish.']",
շաշկի,noun,"['checkers , draughts.', 'checkers (US), draughts (British).']",
շապկա,noun,"['Eastern Armenian, rare, dated hat.', '(Eastern Armenian, rare, dated) hat.']",
շարել,verb,"['transitive to arrange, place in order; to line up.', '(transitive) to arrange, place (in order); t",
շարֆ,noun,['scarf.'],
շեդևր,noun,['masterpiece.'],
շեն,adj,"['inhabited, peopled.', 'undamaged, intact, unharmed.', 'prosperous, thriving, affluent.', 'fertile,",
շեշտ,noun,"['|lbor=1}} / [Non-English or unclear definition removed.].', 'accent, stress, emphasis.', 'the Arme",
շերտ,noun,"['In the Bible, translates .', 'slice; stripe, strip, streak.', 'layer.', 'coat, coating (of paint, ",
շեֆ,noun,"['informal director, head, boss; leader, chief, chef.', '(informal) director, head, boss; leader, ch",
շիջել,verb,"['intransitive to go out, to be extinguished or quenched.', '(intransitive) to go out, to be extingu",
շիտակ,adj,"['straight, upright, direct.', 'straightforward, honest, frank.', 'right-side-out.', 'in a straight,",
շլանգ,noun,"['hose flexible tube.', 'hose (flexible tube).']",
շլդիկ,adj,"['cross-eyed.', 'cross-eyed person.', '(figuratively) hare.']",
շլինք,noun,"['neck.', '(dialectal) neck.']",
շղթա,noun,"['chain.', 'fetters, shackles.', '(figuratively) series, succession.']",
շոլտի,noun,"[', connecting with.', 'long whip.']",
շող,noun,"['beam, sheen, gleam, flash.']",
շողալ,verb,['to shine.'],
շոսսե,noun,"['dated highway.', '(dated) highway.']",
շոր,noun,"['dress.', 'cloth.']",
շուկա,noun,"['market.', 'bazaar.']",
շուրթ,noun,"['lip.', '(in the plural, figuratively) mouth, lips.', '(figuratively) rim, edge.']",
շտկել,verb,"['to straighten, to put in order, to arrange.', 'to correct, to rectify, to remedy.', 'to turn right",
ոհ,intj,"['expression of sadness or grief.', 'expression of regret.', 'expression of happiness.']",
ոմանք,pron,"['indefinite some people.', '(indefinite) some people.']",
ոսկի,adj,"['gold.', 'gold coin.', 'golden.']",
ոսկոր,noun,['bone.'],
ոսոխ,noun,"['enemy, foe.', 'adversary, rival, opponent.']",
որոտ,noun,['thunder.'],
որչափ,pron,"['interrogative pronoun how much, how many.', '(interrogative pronoun) how much, how many.', '(relat",
որտև,conj,"['colloquial alternative form of որովհետև.', '(colloquial) alternative form of որովհետև (orovhetew).",
որևէ,pron,"['Note the stress on the first syllable.', 'any.']",
ուղեղ,noun,"['brain.', '(figuratively) mind, intellect.']",
ունչ,noun,"['nose; nostril.', 'moustache.']",
ուռա,intj,"['military hurrah, hooray (battle cry during an attack).', '(military) hurrah, hooray (battle cry du",
ուստր,noun,"['archaic son.', '(archaic) son.']",
ուրախ,adj,"['happy, glad, cheerful.']",
չաղ,adj,"['fat, full, portly.', 'blazing, alight (of fire).', 'rich, affluent, prosperous.']",
չանա,noun,['jaw.'],
չարչի,noun,"['pedlar, peddler, hawker, higgler, packman, chapman.']",
չափել,verb,"['to measure, to gauge.']",
չիղջ,noun,"['bat flying mammal.', 'bat (flying mammal).']",
չնչին,adj,"['minor, insignificant.', 'very small, weak, powerless.', 'small, very little, very few.', 'despicab",
չոլ,noun,"['waste, wasteland, uninhabited place.']",
չվել,verb,"['to migrate of birds.', 'to migrate (of birds).', 'to move from one place to another in a group.', ",
չփլախ,adj,"['dialectal naked, nude.', '(dialectal) naked, nude.', '(dialectal) poor, indigent.']",
չքնաղ,adj,"['very beautiful, marvelous, ravishing.']",
պահել,verb,"['to keep.', 'to hold.', 'to hide, to conceal.', 'to keep back, to restrain.', 'to maintain, to supp",
պաչ,noun,"['colloquial kiss.', '(colloquial) kiss.']",
պառավ,adj,"['old man or old woman usually old woman.', 'old man or old woman (usually old woman).', 'old, aged ",
պատ,noun,"['wall.', '(chess) stalemate.']",
պատել,verb,"['to wrap.', 'to overlay (to lay, spread, or apply something over or across; to cover).']",
պարապ,adj,"[', explains from Iranian , relating the second part to.', 'idle.', 'empty.']",
պարգև,noun,['award; prize; decoration.'],
պարեն,noun,"['food, provision, victual.']",
պարետ,noun,"['commandant of a fortress or town.', 'commandant (of a fortress or town).', 'superintendent (of a b",
պես,postp,"['like.', 'like [with dative].']",
պինդ,adj,"['durable, strong, solid.']",
պիտո,adj,"['archaic, literary necessary.', '(archaic, literary) necessary.']",
պիրա,noun,['beer.'],
պիրոլ,noun,"['oriole, especially the golden oriole.', 'oriole, especially the golden oriole (Oriolus oriolus).']",
պլոր,noun,"['ball, testicle.']",
պոչկա,noun,['kidney.'],
պոպոկ,noun,"['<ref></ref>.', 'walnut.', 'green husk on unripe walnut.', 'sprout, shoot; bud.']",
պոռոչ,noun,"['bellow (sound of bull).', '(dialectal) bellow (sound of bull).', 'roar, bawl.']",
պուց,noun,"['cunt, pussy.', '(figuratively) woman, girl, ho, broad.']",
պպզել,verb,"['to squat.', '(of four-legged animals) to sit on its hind legs.']",
պտտել,verb,"['transitive to rotate, turn.', '(transitive) to rotate, turn.', '(intransitive) to stroll, amble.']",
պրտու,noun,"['papyrus, paper reed, an aquatic flowering plant of the sedge family.', 'papyrus, paper reed, Cyper",
ջազվե,noun,['jezve.'],
ջանալ,verb,"['to exert oneself, to try.']",
ջարդ,noun,"['massacre, carnage, slaughter; pogrom.', 'mass repression by a government (i.e., imprisonment, exil",
ջիղ,noun,"['nerve.', 'tendon, sinew.', 'muscle.', '(figuratively) talent for something.', '(figuratively) powe",
ջղայն,adj,"['alternative form of ջղային.', 'colloquial form of ջղային (ǰġayin).']",
ջնջել,verb,"['to wipe off, to clean, to delete, to erase.', 'to destroy, to annihilate.', 'to cross, to strike o",
ջրարջ,noun,"['raccoon, Procyon.']",
ջրվեժ,noun,['waterfall.'],
ռաժոկ,noun,['shoehorn.'],
ռաղամ,noun,"['figure, cipher, digit.', 'arithmetic.']",
ռանգ,noun,"['dialectal color.', '(dialectal) color.']",
ռեգգի,noun,"['reggae.', '(music) reggae.']",
ռեմեն,noun,"['strap.', 'belt.']",
ռեպ,noun,"['alternative form of ռեփ.', 'alternative form of ռեփ (ṙepʻ).']",
ռեփ,noun,"['rap music.', '(music) rap music.', 'rap song.']",
ռոբոտ,noun,['robot.'],
ռոման,noun,"['dated.', '(dated) synonym of վեպ (vep).']",
սագ,noun,['goose.'],
սագո,noun,['sago.'],
սադափ,noun,['mother-of-pearl.'],
սահել,verb,"['transitive to slide, glide, skid.', '(transitive) to slide, glide, skid.']",
սաղմ,noun,"['biology embryo.', '(biology) embryo.']",
սանդ,noun,['mortar.'],
սապոգ,noun,['(high) boot.'],
սավոկ,noun,"['scoop, dustpan.']",
սար,noun,['mountain.'],
սարք,noun,"['device, equipment.', '(dialectal) order (the state of being well arranged).']",
սեզ,noun,['couch grass.'],
սեզոն,noun,"['season part of year with something special.', 'season (part of year with something special).']",
սեմ,noun,"['chiefly, Western Armenian alternative form of շեմք.', '(chiefly Western Armenian) alternative form",
սերմ,noun,"['seed.', '(physiology) semen, sperm.']",
սեքս,noun,"['sex, sexual intercourse.']",
սիդի,noun,"['CD, compact disc.']",
սիրել,verb,"['transitive to like.', '(transitive) to like.', '(transitive) to love.']",
սխալ,adj,"['mistake, error.', 'fault.', 'wrong, incorrect.']",
սկա,noun,"['archaic, poetic giant.', '(archaic, poetic) giant.']",
սկիզբ,noun,"['beginning, start; commencement.']",
սյամ,noun,"['chiefly, Western Armenian alternative form of շեմք.', '(chiefly Western Armenian) alternative form",
սյավ,adj,"['alternative form of սեւ.', 'rare and obsolete form of սեւ (sew).']",
սոկ,noun,['juice.'],
սոուս,noun,['sauce.'],
սոջու,noun,['soju.'],
սոսափ,noun,['synonym of սոսափյուն (sosapʻyun).'],
սոսկա,noun,"['pacifier, dummy.']",
սովոր,adj,"['accustomed, used to.', 'habitual, usual.']",
սուղ,adj,"['Western Armenian dear, costly, expensive.', '(Western Armenian) dear, costly, expensive.', 'scarce",
սունկ,noun,['mushroom.'],
սուպ,noun,['soup.'],
սուր,adj,"['sword.', 'sharp.', 'pointed.', '(figuratively) keen.', '(figuratively) sharp, acute, harsh.', '(ge",
սպորտ,noun,['sport.'],
ստեղն,noun,"['key of a piano, keyboard, etc.', 'key (of a piano, keyboard, etc.).', '(poetry) dactyl.', 'protrud",
ստին,noun,"['breast.', 'source, spring.', 'rare form of ստինք (stinkʻ).']",
ստոր,adj,"['base, low, despicable.', ""name for one of the khazes in Hampartsoum Limondjian's notation, indicat",
ստվեր,noun,"['shadow, shade.']",
սրբիչ,noun,['towel.'],
սրիչ,noun,"['sharpener, usually pencil sharpener.']",
սրճել,verb,['to drink coffee.'],
սփռել,verb,"['to spread, to spread out, to scatter.', '(rare) to open, to open up.', 'to scatter, to strew.']",
վախտ,noun,"['dialectal time, period of time.', '(dialectal) time, period of time.']",
վահան,noun,['shield.'],
վաննա,noun,"['bathtub.', 'the act of bathing.', 'bathroom.']",
վառել,verb,"['transitive to set on fire, to burn.', '(transitive) to set on fire, to burn.', '(transitive) to li",
վավեր,adj,['valid.'],
վարել,verb,"['to plough, till.', 'to conduct, direct, manage.', '(higher register) to drive, conduct (operate a ",
վեճ,noun,"['argument, argumentation, controversy; dispute.']",
վեշ,noun,"['thing.', '(in the plural) things, belongings, goods, stuff.']",
վեշնի,adv,"['always, forever, eternally.', 'perpetually, everlastingly.', 'constantly.']",
վզնոց,noun,"['necklace.', 'amulet, talisman (worn around the neck).', 'scarf, cravat.', 'shawl.']",
վթար,noun,"['accident, crash.']",
վիզ,noun,"[', tentatively suggests a common substrate origin for , , dialectal , and .', 'neck.', '(rare) isth",
վիժել,verb,"['to miscarry, have an abortion, abort.', 'to throw down.', 'to flow, run, gush, spout out.']",
վիքի,noun,['wiki.'],
վռազ,adj,"['dialectal in a hurry, hastily, quickly.', '(dialectal) in a hurry, hastily, quickly.', '(dialectal",
վրան,noun,"['tent, tabernacle.', 'definite nominative singular of վրա (vra).']",
վրեպ,noun,"['archaic, poetic fault, mistake.', '(archaic, poetic) fault, mistake.']",
տաբու,noun,['taboo.'],
տակ,noun,"['under, beneath, below.', 'bottom, lower part.', '(Istanbul) buttocks, rear, fundament.', '(Van) ro",
տանգո,noun,['tango.'],
տանել,verb,"['transitive to carry; to carry away or off, to take away; to lead.', '(transitive) to carry; to car",
տանձ,noun,"[', recorded as tans.', 'pear (fruit).', '(slang) scrotum.']",
տաշել,verb,"['to cut, to hew; to polish, to smooth.', '(slang) to have sex with, to bang, to nail.']",
տապալ,adv,"['rare falling down, rolling down.', '(rare) falling down, rolling down.']",
տաջիկ,noun,['Tajik.'],
տառեղ,noun,"['heron bird of the family.', 'heron (bird of the family Ardeidae).']",
տավար,noun,"['cattle.', '(derogatory, of a person) brute, beast.', '(Akhaltsikhe) livestock (cow and buffalo, sh",
տարափ,noun,"['heavy shower, downpour, cloudburst.', '(figuratively) large amount, avalanche.']",
տարր,noun,"['chemistry element.', '(chemistry) element.', 'element, rudiment, principle, fundamental.', 'compon",
տեքստ,noun,['text.'],
տիվ,noun,"['daytime.', 'light.']",
տիվիթ,noun,"['inkstand, a pencase with inkwell, worn in the girdle by scribes.']",
տխուր,adj,"['sad, melancholy, sorrowful.', 'sad, cheerless, doleful, dismal.', 'sadly, sorrowfully.']",
տնկել,verb,"['transitive to plant to place in soil in order that it may live and grow.', '(transitive) to plant ",
տնքալ,verb,"['intransitive to moan, to groan.', '(intransitive) to moan, to groan.']",
տշել,verb,"['colloquial to strike the cat in the game of tipcat.', '(colloquial) to strike the cat in the game ",
տոթ,adj,"['oppressive heat, stuffy heat.', 'torrid, stuffy, sultry.']",
տող,noun,"[', connects with and considers both to be borrowed from an unidentified third source.', '(grammar) ",
տոն,noun,"['holiday; feast; festive occasion.', 'festival; solemnity; festivities, celebrations.']",
տորֆ,noun,['peat.'],
տույժ,noun,"['penalty, punishment, fine.']",
տպել,verb,"['to print.', 'to type.', 'to publish.']",
տռել,verb,"['literally to fart loudly.', '(vulgar) to fart (loudly).']",
տռզել,verb,"['to swell, to bloat, to puff up.', '(dialectal) to swell, to bloat, to puff up.', '(figuratively) t",
տևել,verb,"['to last; to go on, to continue.']",
րոպե,noun,"['Eastern Armenian minute.', '(Eastern Armenian) minute.', '(Western Armenian, rare, Persian Armenia",
ցած,adj,"['low.', 'lower part; bottom part.', 'down; downwards.']",
ցավ,noun,"['pain, ache.', '(colloquial) illness, sickness.', '(figuratively) grief, sorrow; woe.', '(figurativ",
ցատկ,noun,['jump.'],
ցելք,adj,"['of a child naughty, mischievous.', '(of a child) naughty, mischievous.']",
ցեծ,noun,['ibis.'],
ցիռ,noun,"[', unknown origin.', 'onager, wild ass.']",
ցողկ,noun,['Scolopendra.'],
ցտել,verb,"['archaic, transitive to graze, to rub the skin off.', '(archaic, transitive) to graze, to rub the s",
ցրդի,noun,"['savin.', 'savin, Juniperus sabina.']",
փագեն,noun,"[', connects with.', 'a wooden shed for storing hay and maize, a small haybarn.']",
փակել,verb,"['transitive to close; to shut; to lock.', '(transitive) to close; to shut; to lock.', '(transitive,",
փաղեժ,noun,"['<ref></ref>.', 'tarantula wolf spider, Lycosa tarantula.']",
փանդ,noun,"['dialectal knack, trick, gimmick.', '(dialectal) knack, trick, gimmick.']",
փառք,noun,"['fame, glory, renown.', 'honor, esteem, reputation.', 'pride.', 'brilliance, greatness.', 'respect,",
փարա,noun,"['money.', '(historical) para.']",
փացխա,noun,"[', connects with.', 'A hut of about 30 m² with a fireplace in the middle, serving as a kitchen and ",
փեչ,noun,['stove; oven.'],
փեսա,noun,"['fiancé; bridegroom, groom.', 'brother-in-law (husband of a sister or sister-in-law).', 'son-in-law",
փլել,verb,"['transitive to destroy, to demolish; to pull down.', '(transitive) to destroy, to demolish; to pull",
փխրել,verb,"['transitive to loosen the earth.', '(transitive) to loosen (the earth).', '(intransitive) to become",
փոխ,noun,"['In compounds the word has also the meaning of “exchange” in general, not just “money exchange”.', ",
փոխել,verb,"['transitive to change, to alter.', '(transitive) to change, to alter.', '(transitive) to exchange.'",
քալել,verb,"['alternative form of քայլել.', 'Western Armenian form of քայլել (kʻaylel).']",
քամի,noun,"['wind.', 'rheumatic pain.']",
քանի,adv,"['how many?', 'as long as.']",
քանոն,noun,"['ruler measuring tool.', 'ruler (measuring tool).', '(music) kanoon.']",
քաոս,noun,['chaos.'],
քավոր,noun,['godfather.'],
քաք,noun,"['vulgar shit, crap.', '(vulgar) shit, crap.']",
քաքել,verb,"['vulgar to shit, crap.', '(vulgar) to shit, crap.']",
քելել,verb,"['alternative form of քայլել.', 'dialectal form of քայլել (kʻaylel).']",
քելեխ,noun,"['dialectal funeral banquet, funeral repast feast held to honor a recently deceased person.', '(dial",
քեն,noun,"['spite, rancour, malice; revenge.']",
քիրա,noun,['rent.'],
քիրազ,noun,['sweet cherry.'],
քյութ,adj,['cute.'],
քնել,verb,"['to sleep.', 'to go to sleep.', 'to fall asleep.', '(euphemistic) to have sex, make love.', '(euphe",
քոչել,verb,"[""to roam from place to place; to be a nomad, to lead a nomad's life."", 'to migrate.']",
քով,postp,"['considers ""side, flank"" to be the original meaning and does not know the origin.', 'close to, near",
քոր,noun,"['itch, itching.']",
քույր,noun,"['sister.', 'nurse.', 'nun.']",
քուրձ,noun,"['haircloth, sackcloth.']",
քջուջ,noun,"['rummaging, digging of fowl in search of food.']",
քրինջ,adj,"['neologism, slang cringe, cringeworthiness awkwardness or embarrassment which causes an onlooker to",
օազիս,noun,['oasis.'],
օգուտ,noun,"['use; benefit; good.', 'advantage, benefit.']",
օձիք,noun,['collar.'],
օճառ,noun,['soap.'],
օմար,noun,['lobster.'],
օջախ,noun,"['hearth.', '(figuratively) symbol of home and family life.']",
օսեթ,noun,['Ossetian.'],
օրթախ,noun,"['informal partner, associate, shareholder.', '(informal) partner, associate, shareholder.']",
ֆայմ,noun,"['dialectal, colloquial understanding, comprehension.', '(dialectal, colloquial) understanding, comp",
ֆեյք,noun,['fake account in social media.'],
ֆետիշ,noun,['fetish.'],
ֆշշալ,verb,['to hiss.'],
ֆոնոն,noun,"['physics phonon.', '(physics) phonon.']",
ֆոտոն,noun,"['physics photon.', '(physics) photon.']",
ֆունտ,noun,"['pound different standards of weight.', 'pound (different standards of weight).', 'pound, pound ste",
ֆռանգ,noun,"['historical Western European; crusader.', '(historical) Western European; crusader.', '(informal) m",
ֆսյո,intj,"[""that's it! everything is over! done!""]",
ֆրի,noun,['french fries.'],
ազնիւ,adjective,"['of a good kind, fine, gentle, noble, virtuous, excellent, good, rare, precious, refined; magnanimo",
ակռայ,noun,['tooth.'],
ակտ,noun,"['act, operation; official document.']",
աղէտ,noun,"['misfortune, calamity, mischance, fatality, disaster.']",
աղօթք,noun,['prayer.'],
աճիւն,noun,"['ashes, cinder; corpse.']",
ամօթ,adjective,"['shame, turpitude, ignominy, confusion, abashment; shameful.']",
այրիլ,verb,"['to burn, to be burnt.']",
անարգ,adjective,"['vile, abject, worthless, base, ignoble, mean, degrading, dishonorable, despicable, dirty.']",
անզօր,adjective,"['powerless, feeble, invalid, impotent, weak, infirm.']",
անէծք,noun,"['curse, malediction, imprecation, detestation.']",
անթիւ,adjective,"['innumerable, numberless, countless, immense.']",
անիւ,noun,"['wheel; by analogy, the circular form of the sun or moon; a round-shaped toy; the spherical head of",
անշեղ,adjective,"['undeviating, straight, just, righteous.']",
անպէտ,noun,"['useless, unnecessary, needless, superfluous; something that is useless, waste.']",
անսալ,verb,['to listen to someone’s words; to obey; to heed a call or command; to forgive or endure with patien,
անցաւ,noun,"['Without pain; free of pain, suffering, or discomfort.']",
ապշիլ,verb,"['to be surprised, amazed, to agape, to astonish, to be stupefied.']",
առկայ,adjective,"['present, available, at hand, existing; being present, nearby, or readily available.']",
ատեան,noun,"['court, tribunal, bar.']",
արդէն,adverb,['already.'],
արեւ,noun,"['sun; sunlight, sunshine; life, existence, happiness; sunny.']",
արժէք,noun,"['value, price.']",
աւագ,adjective,"['greater, grand, senior, high; lord, dean, oldest member; oldest son.']",
աւիշ,noun,['lymph.'],
աւիւն,noun,"['conveyance, enthusiasm, fury, transport.']",
բաւել,verb,"['to be enough, to be sufficient, to suffice.']",
բեւեռ,noun,"['nail, spike, pole.']",
բիւրօ,noun,['bureau.'],
բխիլ,verb,"['to spring, to stream, to arise, to flow, to spout, to gush, to proceed; to derive, to emanate, to ",
բնաւ,adverb,"['not at all, never, in no wise, not in the least.']",
բնոյթ,noun,"['nature, essence.']",
բոյս,noun,"['plant, herb.']",
գաւակ,noun,"['The hind part of a horse, from the tail up to the back; By extension: The hind part of other four-",
գէր,adjective,"['fat, obese, corpulent (for people or animals); thick, bulky, swollen, overweight (due to fat or bu",
գիտակ,noun,['Knowledgeable; informed; well-versed; familiar; aware.'],
գմբէթ,noun,"['dome, cupola.']",
գոյժ,noun,"['sad news, lamentation.']",
գոյք,noun,"['possessions, property, thing, matter, chattels, effects.']",
գոնէ,conjunction,"['at least, however, only, yet.']",
գորով,noun,"['fondness, affection, love, tenderness.']",
գոցել,verb,"['to shut, to close, to enclose, to lock.']",
գուցէ,adverb,['perhaps.'],
գրեթէ,conjunction,"['almost, nearly.']",
դաւել,verb,['To plot; to scheme; to lay a plot or conspiracy against someone.'],
դէմք,noun,"['face; person, of pronouns, of verbs; personality.']",
դէպի,adposition,"['towards, to.']",
դէպք,noun,['event; accident; incident.'],
դիզել,verb,"['to heap up, to pile, to accumulate, to amass.']",
դղեակ,noun,"['castle, fortress.']",
դռոյթ,noun,"['crew, band, crowd; assault, attack.']",
դրօշ,noun,"['flag, standard, banner, ensign; statue.']",
ելոյթ,noun,"['public performance; insulting utterance (written or spoken), tirade.']",
երբէք,adverb,"['never; ever, not a bit; sometime.']",
երեւի,adverb,"['it appears, probably, likely.']",
երէց,adjective,"['elder, eldest, senior; grand; eldest brother; pastor, priest.']",
եւս,adverb,"['also, more, moreover, besides, still, as yet, anew.']",
եփիլ,verb,"['to come to a boil; the process of raw food boiling in water and softening to become edible, to be ",
զաւակ,noun,"['child (son, daughter).']",
զգալի,adjective,"['perceptible, noticeable, sensible, palpable, observable, perceivable; considerable, sufficient.']",
զրոյց,noun,"['tale; chat, conversation; story.']",
զօրք,noun,"['army, militia, forces, troops.']",
էապէս,adverb,"['really, in reality, essentially, substantially.']",
էջք,noun,"['descent, descension, fall, pitch.']",
ընծայ,noun,"['present, gift, offer, donation, offering.']",
թախիծ,noun,"['affliction, grief.']",
թառիլ,verb,"['to perch, to roost, to sit.']",
թափիլ,verb,"['to pour out, to flow, to spill; to drop, to fall.']",
թափօր,noun,"['procession, parade.']",
թերաճ,adjective,"['undeveloped, underdeveloped.']",
թեւ,noun,"['arm, wing.']",
թէ,conjunction,"['if; that; whether, perhaps.']",
թէեւ,conjunction,"['though, although.']",
թէպէտ,conjunction,"['although, though.']",
թիւ,noun,"['number, figure, order, rank, list.']",
թիւր,adjective,"['Crooked, deviated from the true/straight direction; Wrong, mistaken, erroneous, incorrect; Turned ",
թուել,verb,"['to count, to number, to calculate, to rank, to compute, to range, to reckon.']",
թուիլ,verb,"['to seem, to look, to appear, to sound.']",
իբրեւ,adposition,"['as, like, such as, nearly, rather.']",
իդէալ,noun,"['ideal; a perfect model, standard, or ultimate goal; perfect, exemplary, model.']",
իմամ,noun,"['imam, the person who leads prayers in a mosque.']",
իտէալ,noun,"['ideal; a perfect model, standard, or ultimate goal; perfect, exemplary, model.']",
իրաւ,adjective,"['really, truly, justly, rightly; real, true, just; the just.']",
իրօք,adverb,"['in fact, really, truly, certainly.']",
լուալ,verb,"['to wash, to bathe, to rinse, to launder; to shame, to rebuke, to disgrace, to dishonor.']",
լպիրշ,adjective,"['insolent, shameless, brazen, impudent.']",
լսելի,adjective,"['audible, that which can be heard, comprehensible.']",
խիւս,noun,"['paste; pap, pulp, cataplasm; poultice, gruel, starch.']",
խլեակ,noun,"['wreckage, fragment, remaining part (of a shipwreck); miserable survivor after a shipwreck, massacr",
խմբել,verb,"['to form a group, to gather or assemble people; to celebrate a holiday or event (more dated or poet",
խորին,adjective,"['profound, deep; a figurative form of խոր (deep), used to indicate intensity, complexity, or depth ",
խռովք,noun,"['trouble, turbulence; discord; anger.']",
խօսք,noun,"['word, speech, sentence; conversation.']",
ծագիլ,verb,"['to shine, to dawn, to begin, to appear, to rise, to emanate, to come out, to spring, to proceed fr",
ծալք,noun,"['fold, wrinkle.']",
ծակել,verb,"['to bore, to perforate, to pierce, to hole, to puncture, to drill.']",
ծանօթ,noun,"['knowing, known, manifest, familiar; acquaintance.']",
ծառայ,noun,"['servant, slave.']",
ծարաւ,noun,['thirst; thirsty; thirstily.'],
ծաւալ,noun,"['extent, extension, size; volume; bulk; expansion.']",
ծերպ,noun,"['A crack, fissure, split place, tear, hole.']",
ծնիլ,verb,['to give birth to; to be born.'],
ծոյլ,noun,"['Lazy; one who dislikes or avoids work; Inactive; idle; Weak, faint, not strong (said of fire).']",
ծորիլ,verb,"['to trickle, to flow, to leak, to run, to ooze out, to drip, to stream, to distill.']",
ծփանք,noun,"['fluctuation, undulation, ripple, swell, wave, billow, drift.']",
կանգ,noun,['A stop; a halt; the act of stopping.'],
կարօտ,adjective,"['needy, desirous, necessitous, in want of, poor, indigent, destitute; out at elbows; yearning, want",
կեանք,noun,['life.'],
կեղեւ,noun,"['peel, rind, bark, shell.']",
կլլել,verb,"[""To swallow; To gulp down a liquid all at once; to chug; Figuratively: To silently endure an insult",
կորով,noun,"['vigour, strength, force, power, energy.']",
կոփել,verb,"['to sculpt, to cut, to carve, to hew, to sculpture.']",
կտաւէ,adjective,['made of linen.'],
կրիայ,noun,['turtle.'],
կրքոտ,adjective,"['passionate, hot-tempered, lustful; easily provoked; quick-tempered, emotionally intense, fiery; se",
կրօն,noun,['religion.'],
կրօնք,noun,['religion.'],
կօշիկ,noun,['shoe.'],
հազիւ,adverb,"['hardly, scarcely, barely.']",
հալիլ,verb,"['to liquefy, to melt, to dissolve; to thaw; to be exhausted, consumed; to perish.']",
հասցէ,noun,"['address, destination to which anything is directed.']",
հաւ,noun,['hen.'],
հեւալ,verb,"['to pant, to gasp, to puff, to heave.']",
հեւք,noun,"['panting, anhelation; breath.']",
հիւլէ,noun,"['atom, molecule, corpuscle.']",
հիւր,noun,"['guest, visitor.']",
հոծ,adjective,"['dense, compact, thick, massive, bulky.']",
հոսիլ,verb,"['to flow, to stream, to drop, to leak, to run, to pass, to glide away, to drain, to shed, to spill,",
հսկայ,noun,['A giant; a person endowed with extraordinary strength and heroic stature; In general: a person of ,
ձգտիլ,verb,"[""to stretch; to strive, to try, to seek, to aim; to stretch one's limb.""]",
ձեւ,noun,"['form, shape, figure, mode, formula, make, fashion, manner, mould, model, plan.']",
ձօն,noun,"['dedication, present, gift.']",
ձօնել,verb,"['to give, to offer, to dedicate, to present, to consecrate, to devote, to donate, to inscribe.']",
ղրուշ,noun,"['Turkish coin, equal to 40 paras, or 0.227 gold francs; One hundredth of certain currencies; Small ",
ճզմել,verb,"['to press, to crush, to bruise, to squeeze, to squash.']",
ճշդել,verb,['To give or sell sparingly and in exact measure; to be economical or stingy; to conserve or hold ti,
ճշտել,verb,['To give or sell sparingly and in exact measure; to be economical or stingy; to conserve or hold ti,
մաղաս,noun,"['(Physiological/medical) A white, viscous, thread-like secretion produced by mucous membranes, such",
մաշել,verb,"['to use up, to consume, to waste, to wear out, to abrade, to erode, to cause to deteriorate, to mak",
մաշիլ,verb,"['to be used, consumed, worn out, to fall, to pine, to dwindle away, to wear away.']",
մարիլ,verb,"['to go out (fire, light), to be extinguished, to be put out; to be quenched, to swoon away, to die ",
մերթ,adverb,"['sometimes, now and then.']",
մէկէն,adverb,"['suddenly, unexpectedly.']",
միջեւ,adposition,"['between, betwixt, among, amongst, in.']",
միտիլ,verb,"['to incline, to bend, to bow, to be disposed, to tend, to lean, to mind, to converge.']",
մրցիլ,verb,"['to compete, to combat, to rival, to vie, to strive with, to emulate.']",
յաճախ,adjective,"['often, frequently; once and again; frequent, very often, incessant, full, continual.']",
յանգ,noun,"['term, termination, finish, end, cadence, completion, finishing; rhyme.']",
յառել,verb,['To stretch; to reach out; to extend; to lengthen (especially the hand); To fix one’s eyes motionle,
յատակ,noun,"['Ground, earth on which we walk; The bottom of a body of water; the riverbed, seabed; The bottom of",
յարգ,noun,"['Value, worth; Honor, esteem, respect; Significance, importance, regard; (Numismatics) The proporti",
յետոյ,adposition,"['later; then, next, afterwards; after; what comes after.']",
յղկել,verb,"['To smooth by chiseling; to trim, to polish; To wear away roughness by rubbing with a hard material",
յուշ,noun,"['memory, recollection, attention, remembrance: mind, sense, intelligence.']",
յօնք,noun,"['The arched, elongated hairs protruding above the eye sockets; eyebrow(s).']",
նաեւ,conjunction,"['also, too.']",
նաւակ,noun,"[""boat, bark, barge; ship's-boat, caique.""]",
նշոյլ,noun,['Ray of light; beam; a thin stream or shaft of light; Flash; gleam; a sudden streak or dart of ligh,
նորէն,adverb,"['once more, again.']",
նորին,adjective,"['in Classical Armenian, genitive singular of ""նոյն""; Used today primarily in honorific titles, func",
նուագ,noun,"['time, turn.']",
նուէր,noun,"['gift, offering.']",
նրբին,adjective,['Delicate; fine; refined; Delicately; finely; in a subtle or refined manner.'],
շահիլ,verb,"['to profit, to win, to gain, to benefit, to get on, to obtain, to acquire, to earn.']",
շարան,noun,"['series of things connected, line, range.']",
շերամ,noun,"['(Zoology) A thick-bodied, hairy moth belonging to the family of silkworm moths, which feeds exclus",
շէնք,noun,['building.'],
շոյել,verb,"['to pet, to caress, to take great care of, to be fond of, to stroke; to flatter.']",
շրջիլ,verb,"['to walk, to wander, to rove, to cruise; to turn; to turn upside down; to upset; to veer, to be ove",
ոեւէ,determiner,['any.'],
ոճիր,noun,"['crime, criminal attempt, misdeed, offence, guilt, misdemeanor, felony, villainy, ribaldry.']",
որեւէ,determiner,['any.'],
ուրկէ,adverb,"['where from, whence.']",
պաղիլ,verb,"['to feel cold; to grow cold, to cool, to chill, to freeze, to congeal.']",
պատեհ,adjective,"['happening at the right time or place; fitting, suitable, or convenient; appropriate, timely, oppor",
պարէն,noun,"['living, food, board, maintenance, provisions, victuals, subsistence.']",
պոռալ,verb,"['to cry, to shout, to exclaim.']",
պտտիլ,verb,"['to turn about oneself; to complete a circle, to go around in a circle; to walk, to take a walk, to",
պրծիլ,verb,"[""to escape, to get away, to slip out, to evade, to make one's escape, to get rid of, to finish.""]",
ջոկատ,noun,"['troop, company, band; military detachment, platoon.']",
սահիլ,verb,"['To move forward by gliding over a smooth, flat surface; to slide; to glide; To move forward over a",
սատար,noun,"['helper, auxiliary, aid, assistant, maker, workman, artisan, operative.']",
սեպել,verb,"['to count, to reckon, to suppose, to presume, to calculate, to charge, to consider, to attribute, t",
սերիլ,verb,"['to descend from, to be born of, to be descended, to be born, to engender, to breed, to be procreat",
սկսիլ,verb,"['to begin, to start, to commence, to initiate, to originate, to lead; to set out, to play first.']",
սրտոտ,adjective,"['hearted, brave, daring.']",
սքեմ,noun,"['the distinctive clothing or attire of a monk or religious figure; monastic attire, dress, habit.']",
վէճ,noun,"['quarrel, discussion, dispute, debate, contestation, controversy, litigation, difference, legal dis",
վէպ,noun,"['novel, fiction, story, tale, falsehood, romance, recital, narration.']",
վէրք,noun,"['wound, sore, ulcer, cut, hurt, lesion, trauma.']",
վիլլա,noun,['villa.'],
վիհ,noun,"['abyss, hell, unfathomable depth, precipice, chasm; whirlpool, chaos.']",
վսեմ,adjective,"['eminent, sublime, high, grand, noble, supreme, lofty, exalted, superior, glorious (referring to mo",
վրէժ,noun,"['vengeance, revenge, retaliation.']",
տածել,verb,"['To take care of, provide for needs, nurse, nourish; (Figurative) To nurture or harbor a feeling wi",
տեղալ,verb,"['to pour, to shower (rain), to rain, to fall, to drop down, to hail.']",
տեղին,adverb,"['appropriate, relevant, suitable, proper, fitting, or well-timed.']",
տենչ,noun,"['desire, wish, envy, longing for.']",
տերեւ,noun,['leaf.'],
տեւել,verb,"['to continue, to last, to endure.']",
տիպար,noun,"['type, model, pattern, example, paragon; exemplary.']",
տխրիլ,verb,"['to become sad, to grieve, to be sorry, to become sorrowful, to sorrow.']",
տոլար,noun,['dollar.'],
տքնիլ,verb,"['to watch, to labor hard, to sit up, to attend, to take care, to look after, to strive, to sweat, t",
տօնել,verb,"['to keep holiday, to solemnize, to feast, to celebrate, to observe a holiday.']",
ցարդ,adverb,['until now.'],
ցաւոտ,adjective,"['painful, aching, suffering, unwell, infirm, weak, feeble.']",
ցնդիլ,verb,"[""to disperse, to evaporate, to go mad; to scatter or disperse; to break apart and spread out; (phys",
ցոլալ,verb,"['to reflect light from a smooth surface; to shine; to twinkle, to sparkle, the flickering or twinkl",
ցոլք,noun,"['reflection, flash, reflections, reflex (of light, of colours), flashes.']",
ցրօնք,noun,['dispersion.'],
ցցել,verb,"['To thrust into something like a stake, to stick or embed upright, to pierce or plant firmly; To se",
փախիլ,verb,"['to flee, to escape, to get away, to run away, to fly, to take flight, to desert, to fly off.']",
փաշայ,noun,"['pasha, the title of a Turkish officer of high rank.']",
փափաք,noun,"['wish, desire, eagerness, longing.']",
փշրիլ,verb,"['փշրուիլ, փշրիլ (to break, to be broken to pieces, to dash, to split.']",
փրթիլ,verb,"['to be broken off, to break off, to be detached, to snap, to come off.']",
քմայք,noun,"['caprice, whim, freak.']",
օճախ,noun,"['fireplace; stove, furnace; home, family.']",
օրէնք,noun,['law.'],
օրրան,noun,"['cot, cradle.']",
օփերա,noun,['opera.'],
ազգեր,noun,['nominative plural of ազգ (azg).'],
ազդող,verb,['subjective participle of ազդել (azdel).'],
ածը,noun,['definite nominative singular of ած (ac).'],
աղեր,noun,['nominative plural of աղ (aġ).'],
ամառն,noun,['definite nominative singular of ամառ (amaṙ).'],
ամպեր,noun,['nominative plural of ամպ (amp).'],
ամպը,noun,['definite nominative singular of ամպ (amp).'],
ամպի,noun,['dative singular of ամպ (amp).'],
ամպին,noun,['definite dative singular of ամպ (amp).'],
ամպից,noun,['ablative singular of ամպ (amp).'],
ամպն,noun,['definite nominative singular of ամպ (amp).'],
ամպով,noun,['instrumental singular of ամպ (amp).'],
ամսվա,noun,['dative singular of ամիս (amis).'],
այծեր,noun,['nominative plural of այծ (ayc).'],
այրեր,noun,['nominative plural of այր (ayr).'],
այցեր,noun,['nominative plural of այց (aycʻ).'],
անձեր,noun,['nominative plural of անձ (anj).'],
անձիք,noun,['misconstruction of անձինք (anjinkʻ).'],
անվան,noun,['dative singular of անուն (anun).'],
անցել,verb,['perfective converb of անցնել (ancʻnel).'],
անցող,verb,['nonstandard form of անցնող (ancʻnoġ).'],
աչքեր,noun,['nominative plural of աչք (ačʻkʻ).'],
առա,verb,['first-person singular past perfect indicative of առնել (aṙnel).'],
ասա,verb,['second-person singular imperative of ասել (asel).'],
ասած,verb,['resultative participle of ասել (asel).'],
ասեղն,noun,['definite nominative singular of ասեղ (aseġ).'],
ասեց,verb,['third-person singular past perfect indicative of ասել (asel).'],
ատամի,noun,['dative singular of ատամ (atam).'],
արեք,verb,['second-person plural imperative of անել (anel).'],
արժեմ,verb,['first-person singular present of արժել (aržel).'],
արյան,noun,['dative singular of արյուն (aryun).'],
արջեր,noun,['nominative plural of արջ (arǰ).'],
արտեր,noun,['nominative plural of արտ (art).'],
բահեր,noun,['nominative plural of բահ (bah).'],
բահի,noun,['dative singular of բահ (bah).'],
բաներ,noun,['nominative plural of բան (ban).'],
բանը,noun,['definite nominative singular of բան (ban).'],
բանի,noun,['dative singular of բան (ban).'],
բանից,noun,['ablative singular of բան (ban).'],
բանն,noun,['definite nominative singular of բան (ban).'],
բանով,noun,['instrumental singular of բան (ban).'],
բանս,noun,['nominative singular first-person possessive of բան (ban).'],
բեղեր,noun,['nominative plural of բեղ (beġ).'],
բեր,verb,['second-person singular imperative of բերել (berel).'],
բոզի,noun,['dative singular of բոզ (boz).'],
բոցեր,noun,['nominative plural of բոց (bocʻ).'],
գալիս,verb,"['imperfective converb of գալ (gal).', 'simultaneous converb of գալ (gal).']",
գանք,verb,['first-person plural future optative of գալ (gal).'],
գետեր,noun,['nominative plural of գետ (get).'],
գիրքդ,noun,['nominative singular second-person possessive of գիրք (girkʻ).'],
գիրքը,noun,['definite nominative singular of գիրք (girkʻ).'],
գիրքն,noun,['definite nominative singular of գիրք (girkʻ).'],
գիրքս,noun,['nominative singular first-person possessive of գիրք (girkʻ).'],
գծեր,noun,['nominative plural of գիծ (gic).'],
գնա,verb,['second-person singular imperative of գնալ (gnal).'],
գնող,verb,['subject participle of գնել (gnel).'],
գործի,noun,['dative singular of գործ (gorc).'],
գրեցի,verb,['first-person singular past perfect indicative of գրել (grel).'],
գրքեր,noun,['nominative plural of գիրք (girkʻ).'],
գրքի,noun,['dative singular of գիրք (girkʻ).'],
գրքին,noun,['definite dative singular of գիրք (girkʻ).'],
գրքից,noun,['ablative singular of գիրք (girkʻ).'],
գրքով,noun,['instrumental singular of գիրք (girkʻ).'],
դաշտը,noun,['definite nominative singular of դաշտ (dašt).'],
դաշտի,noun,['dative singular of դաշտ (dašt).'],
դաշտն,noun,['definite nominative singular of դաշտ (dašt).'],
դարեր,noun,['nominative plural of դար (dar).'],
դարձա,verb,['first-person singular past perfect indicative of դառնալ (daṙnal).'],
դնչեր,noun,['nominative plural of դունչ (dunčʻ).'],
դռներ,noun,['nominative plural of դուռ (duṙ).'],
դրած,verb,['resultative participle of դնել (dnel).'],
դրսի,noun,['dative singular of դուրս (durs).'],
դրսից,noun,['ablative singular of դուրս (durs).'],
եզան,noun,['dative singular of եզ (ez).'],
եզներ,noun,['nominative plural of եզ (ez).'],
ելնող,verb,['subject participle of ելնել (elnel).'],
ելքեր,noun,['nominative plural of ելք (elkʻ).'],
եկած,verb,['resultative participle of գալ (gal).'],
եկող,verb,['subject participle of գալ (gal).'],
եղա,verb,['first-person singular past perfect indicative of լինել (linel).'],
եղած,verb,['resultative participle of լինել (linel).'],
եղան,verb,['third-person plural past perfect indicative of լինել (linel).'],
եղանք,verb,['first-person plural past perfect indicative of լինել (linel).'],
եղար,verb,['second-person singular past perfect indicative of լինել (linel).'],
եղաք,verb,['second-person plural past perfect indicative of լինել (linel).'],
եղբոր,noun,['dative singular of եղբայր (eġbayr).'],
եղել,verb,['past participle of լինել (linel).'],
եղեք,verb,['second-person plural imperative of լինել (linel).'],
եղիր,verb,['second-person singular imperative of լինել (linel).'],
եղող,verb,['subjective participle of ըլլալ (əllal).'],
են,verb,['third-person plural present of եմ (em).'],
ենք,verb,['first-person plural present of եմ (em).'],
երգի,noun,['dative singular of երգ (erg).'],
եք,verb,['second-person plural present of եմ (em).'],
զառեր,noun,['nominative plural of զառ (zaṙ).'],
զննող,verb,['subject participle of զննել (znnel).'],
էի,verb,['first-person singular imperfect of եմ (em).'],
էին,verb,['third-person plural imperfect of եմ (em).'],
էիր,verb,['second-person singular imperfect of եմ (em).'],
էիք,verb,['second-person plural imperfect of եմ (em).'],
էկող,verb,"['(dialectal, colloquial) alternative form of եկող (ekoġ).']",
էղի,verb,['(dialectal) alternative form of էղիր (ēġir).'],
էղիր,verb,['(dialectal) alternative form of եղիր (eġir).'],
էշեր,noun,['nominative plural of էշ (ēš).'],
էր,verb,['third-person singular imperfect of եմ (em).'],
թաղեր,noun,['nominative plural of թաղ (tʻaġ).'],
թելով,noun,['instrumental singular of թել (tʻel).'],
թեմեր,noun,['nominative plural of թեմ (tʻem).'],
թեյեր,noun,['nominative plural of թեյ (tʻey).'],
թերթի,noun,['dative singular of թերթ (tʻertʻ).'],
թթեր,noun,['nominative plural of թութ (tʻutʻ).'],
թթի,noun,['dative singular of թութ (tʻutʻ).'],
թթված,verb,['resultative participle of թթվել (tʻtʻvel).'],
թռչող,verb,['subject participle of թռչել (tʻṙčʻel).'],
թվեր,noun,['nominative plural of թիվ (tʻiv).'],
թվի,noun,['dative singular of թիվ (tʻiv).'],
թքած,verb,['resultative participle of թքել (tʻkʻel).'],
իժեր,noun,['nominative plural of իժ (iž).'],
իղձեր,noun,['nominative plural of իղձ (iġj).'],
լեհեր,noun,['nominative plural of լեհ (leh).'],
լեռն,noun,['definite nominative singular of լեռ (leṙ).'],
լինեի,verb,['first-person singular future perfect subjunctive/optative of լինել (linel).'],
լինեմ,verb,['first-person singular future subjunctive/optative of լինել (linel).'],
լինեն,verb,['third-person plural future subjunctive/optative of լինել (linel).'],
լինես,verb,['second-person singular future subjunctive/optative of լինել (linel).'],
լիներ,verb,['third-person singular future perfect subjunctive/optative of լինել (linel).'],
լինեք,verb,['second-person plural future subjunctive/optative of լինել (linel).'],
լինի,verb,['third-person singular future subjunctive/optative of լինել (linel).'],
լինող,verb,['subjective participle of լինել (linel).'],
լճեր,noun,['nominative plural of լիճ (lič).'],
լնդեր,noun,['nominative plural of լինդ (lind).'],
լողեր,noun,['nominative plural of լող (loġ).'],
լուսո,noun,"['(literary, poetic) dative singular of լույս (luys).']",
լվեր,noun,['nominative plural of լու (lu).'],
լվից,noun,['ablative singular of լու (lu).'],
խոզեր,noun,['nominative plural of խոզ (xoz).'],
խոզով,noun,['instrumental singular of խոզ (xoz).'],
խոսքը,noun,['definite nominative singular of խոսք (xoskʻ).'],
խոսքի,noun,['dative singular of խոսք (xoskʻ).'],
խոսքն,noun,['definite nominative singular of խոսք (xoskʻ).'],
խոտեր,noun,['nominative plural of խոտ (xot).'],
խոցեր,noun,['nominative plural of խոց (xocʻ).'],
ծաղկի,noun,['dative singular of ծաղիկ (caġik).'],
ծառան,noun,['definite nominative singular of ծառա (caṙa).'],
ծառեր,noun,['nominative plural of ծառ (caṙ).'],
ծափեր,noun,['nominative plural of ծափ (capʻ).'],
ծնված,verb,['resultative participle of ծնվել (cnvel).'],
ծովեր,noun,['nominative plural of ծով (cov).'],
կա,verb,['third-person singular present indicative of կամ (kam).'],
կայի,verb,['first-person singular imperfect indicative of կամ (kam).'],
կային,verb,['third-person plural imperfect indicative of կամ (kam).'],
կայիր,verb,['second-person singular imperfect indicative of կամ (kam).'],
կայիք,verb,['second-person plural imperfect indicative of կամ (kam).'],
կան,verb,['third-person plural present indicative of կամ (kam).'],
կանք,verb,['first-person plural present indicative of կամ (kam).'],
կապեր,noun,['nominative plural of կապ (kap).'],
կարգի,noun,['dative singular of կարգ (karg).'],
կաց,verb,['second-person singular imperative of կենալ (kenal).'],
կաք,verb,['second-person plural present indicative of կամ (kam).'],
կգան,verb,['third-person plural future conditional of գալ (gal).'],
կերա,verb,['first-person singular past perfect indicative of ուտել (utel).'],
կերած,verb,['resultative participle of ուտել (utel).'],
կերավ,verb,['third-person singular past perfect indicative of ուտել (utel).'],
կերար,verb,['second-person singular past perfect indicative of ուտել (utel).'],
կերաք,verb,['second-person plural past perfect indicative of ուտել (utel).'],
կերել,verb,['past participle of ուտել (utel).'],
կերեք,verb,['second-person plural imperative of ուտել (utel).'],
կլինի,verb,['third-person singular future conditional of լինել (linel).'],
կովեր,noun,['nominative plural of կով (kov).'],
կորած,verb,"['resultative participle of կորչել (korčʻel).', 'resultative participle of կորել (korel).']",
կուտի,verb,['third-person singular future conditional of ուտել (utel).'],
կռտած,verb,['resultative participle of կռտել (kṙtel).'],
կսիրի,verb,['third-person singular future conditional of սիրել (sirel).'],
հալած,verb,['resultative participle of հալել (halel).'],
հայեր,noun,['nominative plural of հայ (hay).'],
հատեր,noun,['nominative plural of հատ (hat).'],
հարցի,noun,['dative singular of հարց (harcʻ).'],
հիման,noun,['dative singular of հիմ (him).'],
հողեր,noun,['nominative plural of հող (hoġ).'],
հոսող,verb,['subjective participle of հոսել (hosel).'],
հովեր,noun,['nominative plural of հով (hov).'],
հոտեր,noun,['nominative plural of հոտ (hot).'],
հորեր,noun,['nominative plural of հոր (hor).'],
հուսո,noun,"['(literary, poetic) dative singular of հույս (huys).']",
հրեր,noun,['nominative plural of հուր (hur).'],
հրո,noun,"['(literary, poetic) dative singular of հուր (hur).']",
ձեզ,pron,"['you (objective form, plural).']",
ձեռքի,noun,['dative singular of ձեռք (jeṙkʻ).'],
ձեր,pron,['genitive plural of դու (du).'],
ձիեր,noun,['nominative plural of ձի (ji).'],
ձկներ,noun,['nominative plural of ձուկ (juk).'],
ձվեր,noun,['nominative plural of ձու (ju).'],
ճայեր,noun,['nominative plural of ճայ (čay).'],
ճաքած,verb,['resultative participle of ճաքել (čakʻel).'],
մազեր,noun,['nominative plural of մազ (maz).'],
մահեր,noun,['nominative plural of մահ (mah).'],
մարեր,noun,['nominative plural of մար (mar).'],
մեգեր,noun,['nominative plural of մեգ (meg).'],
մեկը,pron,['definite nominative singular of մեկ (mek).'],
մեռա,verb,['first-person singular past perfect indicative of մեռնել (meṙnel).'],
միջի,noun,['dative singular of մեջ (meǰ).'],
միտքը,noun,['definite nominative singular of միտք (mitkʻ).'],
մկներ,noun,['nominative plural of մուկ (muk).'],
մղվել,verb,['mediopassive of մղել (mġel).'],
մնաք,verb,['second-person plural future subjunctive of մնալ (mnal).'],
մսեր,noun,['nominative plural of միս (mis).'],
մրսած,verb,['resultative participle of մրսել (mrsel).'],
նեգրի,noun,['dative singular of նեգր (negr).'],
նշվել,verb,['mediopassive of նշել (nšel).'],
շանդ,noun,['dative singular second-person possessive of շուն (šun).'],
շներ,noun,['nominative plural of շուն (šun).'],
շունս,noun,['nominative singular first-person possessive of շուն (šun).'],
ոսկու,noun,['dative singular of ոսկի (oski).'],
ոսպեր,noun,['nominative plural of ոսպ (osp).'],
ոտքեր,noun,['nominative plural of ոտք (otkʻ).'],
ոտքի,noun,['dative singular of ոտք (otkʻ).'],
որբեր,noun,['nominative plural of որբ (orb).'],
որդեր,noun,['nominative plural of որդ (ord).'],
որի,pron,['genitive singular of որ (or).'],
որձեր,noun,['nominative plural of որձ (orj).'],
որսեր,noun,['nominative plural of որս (ors).'],
ուժեր,noun,['nominative plural of ուժ (už).'],
ունեի,verb,['first-person singular imperfect of ունեմ (unem).'],
ունեն,verb,['third-person plural present of ունեմ (unem).'],
ունես,verb,['second-person singular present of ունեմ (unem).'],
ուներ,verb,['third-person singular imperfect of ունեմ (unem).'],
ունեք,verb,['second-person plural present of ունեմ (unem).'],
ունի,verb,['third-person singular present of ունեմ (unem).'],
ուսեր,noun,['nominative plural of ուս (us).'],
ուտեի,verb,['first-person singular future perfect subjunctive/optative of ուտել (utel).'],
ուտեն,verb,['third-person plural future subjunctive/optative of ուտել (utel).'],
ուտես,verb,['first-person singular future subjunctive/optative of ուտել (utel).'],
ուտեր,verb,['third-person singular future perfect subjunctive/optative of ուտել (utel).'],
ուտեք,verb,['second-person plural future subjunctive/optative of ուտել (utel).'],
ուտող,verb,['subjective participle of ուտել (utel).'],
չափեր,noun,['nominative plural of չափ (čʻapʻ).'],
չգցել,verb,['negative form of գցել (gcʻel).'],
չեղա,verb,['negative form of եղա (eġa).'],
չեղած,verb,['negative form of եղած (eġac).'],
չեղան,verb,['negative form of եղան (eġan).'],
չեղավ,verb,['negative form of եղավ (eġav).'],
չեղար,verb,['negative form of եղար (eġar).'],
չեղաք,verb,['negative form of եղաք (eġakʻ).'],
չեղող,verb,['negative form of եղող (eġoġ).'],
չեմ,verb,['negative form of եմ (em).'],
չեն,verb,['negative form of են (en).'],
չենք,verb,['negative form of ենք (enkʻ).'],
չես,verb,['negative form of ես (es).'],
չեք,verb,['negative form of եք (ekʻ).'],
չէի,verb,['negative form of էի (ēi).'],
չէին,verb,['negative form of էին (ēin).'],
չէինք,verb,['negative form of էինք (ēinkʻ).'],
չէիր,verb,['negative form of էիր (ēir).'],
չէիք,verb,['negative form of էիք (ēikʻ).'],
չէր,verb,['negative form of էր (ēr).'],
չի,verb,['(colloquial) alternative form of չէ (čʻē).'],
չլինի,verb,['negative form of լինի (lini).'],
չկա,verb,['negative form of կա (ka).'],
չկամ,verb,['negative form of կամ (kam).'],
չկայի,verb,['negative form of կայի (kayi).'],
չկան,verb,['negative form of կան (kan).'],
չկանք,verb,['negative form of կանք (kankʻ).'],
չկաս,verb,['negative form of կաս (kas).'],
չկար,verb,['negative form of կար (kar).'],
չկաք,verb,['negative form of կաք (kakʻ).'],
չունի,verb,['negative form of ունի (uni).'],
չքսեի,verb,['first-person singular future perfect subjunctive negative of քսել (kʻsel).'],
չքսեր,verb,['third-person singular future perfect subjunctive negative of քսել (kʻsel).'],
պոլի,noun,['dative singular of պոլ (pol).'],
պոչեր,noun,['nominative plural of պոչ (počʻ).'],
ջուրը,noun,['definite nominative singular of ջուր (ǰur).'],
ջրեր,noun,['nominative plural of ջուր (ǰur).'],
ջրի,noun,['dative singular of ջուր (ǰur).'],
սարեր,noun,['nominative plural of սար (sar).'],
սգո,noun,"['(literary, poetic) dative singular of սուգ (sug).']",
սեխեր,noun,['nominative plural of սեխ (sex).'],
սիրեի,verb,['first-person singular future perfect optative of սիրել (sirel).'],
սիրեն,verb,['third-person plural future optative of սիրել (sirel).'],
սիրես,verb,['second-person singular future optative of սիրել (sirel).'],
սիրեր,verb,['third-person singular future perfect optative of սիրել (sirel).'],
սիրեց,verb,['third-person singular past perfect indicative of սիրել (sirel).'],
սիրեք,verb,"['second-person plural future optative of սիրել (sirel).', 'second-person plural imperative of սիրել",
սիրի,verb,['third-person singular future optative of սիրել (sirel).'],
սիրիր,verb,['second-person singular imperative of սիրել (sirel).'],
սիրո,noun,['dative singular of սեր (ser).'],
սիրտն,noun,['definite nominative singular of սիրտ (sirt).'],
սոխեր,noun,['nominative plural of սոխ (sox).'],
սպիեր,noun,['nominative plural of սպի (spi).'],
ստեր,noun,['nominative plural of սուտ (sut).'],
սրեր,noun,['nominative plural of սուր (sur).'],
սրճի,noun,['dative singular of սուրճ (surč).'],
սրված,verb,['resultative participle of սրվել (srvel).'],
սրտեր,noun,['nominative plural of սիրտ (sirt).'],
վերջը,noun,['definite nominative singular of վերջ (verǰ).'],
վզեր,noun,['nominative plural of վիզ (viz).'],
տան,noun,['dative singular of տուն (tun).'],
տանը,noun,['definite dative singular of տուն (tun).'],
տուր,verb,['second-person singular imperative of տալ (tal).'],
տվեք,verb,['second-person plural imperative of տալ (tal).'],
տրվել,verb,['mediopassive of տալ (tal).'],
տրվող,verb,['subject participle of տրվել (trvel).'],
ցրվել,verb,['mediopassive of ցրել (cʻrel).'],
քարի,noun,['dative singular of քար (kʻar).'],
քեռու,noun,['dative singular of քեռի (kʻeṙi).'],
քնած,verb,['resultative participle of քնել (kʻnel).'],
քրոջ,noun,['dative singular of քույր (kʻuyr).'],
